Track_Name,Track_ID,URL,Artist(s),Album,Popularity,Duration,Tempo,Key,Mode,Danceability,Energy,Loudness,Speechiness,Acousticness,Instrumentalness,Liveliness,Valence,Time_Signature,Common Genre
Believer,spotify:track:0pqnGHJpmpxLKifKRmU6WP,https://open.spotify.com/track/0pqnGHJpmpxLKifKRmU6WP,['Imagine Dragons'],Evolve,89,3.41,124.949,10,0,0.776,0.78,-4.374,0.128,0.0622,0.0,0.081,0.666,4,modern rock
Thunder,spotify:track:1zB4vmk8tFRmM9UULNzbLB,https://open.spotify.com/track/1zB4vmk8tFRmM9UULNzbLB,['Imagine Dragons'],Evolve,87,3.12,167.997,0,1,0.605,0.822,-4.833,0.0438,0.00671,0.134,0.147,0.288,4,modern rock
Bones,spotify:track:54ipXppHLA8U4yqpOFTUhr,https://open.spotify.com/track/54ipXppHLA8U4yqpOFTUhr,['Imagine Dragons'],Mercury - Acts 1 & 2,86,2.75,114.061,5,0,0.772,0.75,-3.67,0.0455,0.0201,0.0,0.074,0.587,4,modern rock
Whatever It Takes,spotify:track:6Qn5zhYkTa37e91HC1D7lb,https://open.spotify.com/track/6Qn5zhYkTa37e91HC1D7lb,['Imagine Dragons'],Evolve,84,3.35,134.945,10,0,0.672,0.655,-5.021,0.0311,0.0362,0.0,0.117,0.556,4,modern rock
Enemy (with JID) - from the series Arcane League of Legends,spotify:track:3CIyK1V4JEJkg02E4EJnDl,https://open.spotify.com/track/3CIyK1V4JEJkg02E4EJnDl,"['Imagine Dragons', 'JID', 'Arcane', 'League of Legends']",Mercury - Acts 1 & 2,83,2.89,77.011,11,0,0.728,0.783,-4.424,0.266,0.237,0.0,0.434,0.555,4,modern rock
I Wanna Be Yours,spotify:track:5XeFesFbtLpXzIVDNQP22n,https://open.spotify.com/track/5XeFesFbtLpXzIVDNQP22n,['Arctic Monkeys'],AM,95,3.07,67.528,0,0,0.464,0.417,-9.345,0.0256,0.136,0.022,0.0974,0.479,4,modern rock
Why'd You Only Call Me When You're High?,spotify:track:086myS9r57YsLbJpU0TgK9,https://open.spotify.com/track/086myS9r57YsLbJpU0TgK9,['Arctic Monkeys'],AM,90,2.69,92.004,2,1,0.691,0.631,-6.478,0.0368,0.0483,1.13e-05,0.104,0.8,4,modern rock
Do I Wanna Know?,spotify:track:5FVd6KXrgO9B3JPmC8OPst,https://open.spotify.com/track/5FVd6KXrgO9B3JPmC8OPst,['Arctic Monkeys'],AM,90,4.54,85.03,5,1,0.548,0.532,-7.596,0.0323,0.186,0.000263,0.217,0.405,4,modern rock
R U Mine?,spotify:track:2AT8iROs4FQueDv2c8q2KE,https://open.spotify.com/track/2AT8iROs4FQueDv2c8q2KE,['Arctic Monkeys'],AM,84,3.36,97.094,6,0,0.288,0.758,-5.692,0.0371,0.00616,0.0,0.303,0.619,4,modern rock
505,spotify:track:58ge6dfP91o9oXMzq3XkIS,https://open.spotify.com/track/58ge6dfP91o9oXMzq3XkIS,['Arctic Monkeys'],Favourite Worst Nightmare (Standard Version),82,4.23,140.267,0,1,0.52,0.852,-5.866,0.0543,0.00237,5.79e-05,0.0733,0.234,4,modern rock
Sweater Weather,spotify:track:2QjOHCTQ1Jl3zawyYOpxh6,https://open.spotify.com/track/2QjOHCTQ1Jl3zawyYOpxh6,['The Neighbourhood'],I Love You.,92,4.01,124.053,10,1,0.612,0.807,-2.81,0.0336,0.0495,0.0177,0.101,0.398,4,modern rock
Daddy Issues,spotify:track:5E30LdtzQTGqRvNd7l6kG5,https://open.spotify.com/track/5E30LdtzQTGqRvNd7l6kG5,['The Neighbourhood'],Wiped Out!,87,4.34,85.012,10,1,0.588,0.521,-9.461,0.0329,0.0678,0.149,0.123,0.337,4,modern rock
Softcore,spotify:track:2K7xn816oNHJZ0aVqdQsha,https://open.spotify.com/track/2K7xn816oNHJZ0aVqdQsha,['The Neighbourhood'],Hard To Imagine The Neighbourhood Ever Changing,87,3.44,93.986,9,0,0.575,0.568,-5.509,0.03,0.0484,0.000417,0.286,0.37,4,modern rock
Reflections,spotify:track:2xql0pid3EUwW38AsywxhV,https://open.spotify.com/track/2xql0pid3EUwW38AsywxhV,['The Neighbourhood'],Hard To Imagine The Neighbourhood Ever Changing,86,4.07,113.983,11,0,0.648,0.594,-7.027,0.0293,0.114,0.0462,0.116,0.544,4,modern rock
You Get Me So High,spotify:track:7zwn1eykZtZ5LODrf7c0tS,https://open.spotify.com/track/7zwn1eykZtZ5LODrf7c0tS,['The Neighbourhood'],Hard To Imagine The Neighbourhood Ever Changing,85,2.55,88.036,7,0,0.551,0.881,-6.099,0.0542,0.186,0.0791,0.152,0.387,4,modern rock
Northern Attitude (with Hozier),spotify:track:4oEf84vBYVftf6KmZexhVo,https://open.spotify.com/track/4oEf84vBYVftf6KmZexhVo,"['Noah Kahan', 'Hozier']",Northern Attitude (with Hozier),83,4.45,122.017,3,1,0.486,0.64,-8.027,0.0551,0.136,7.58e-05,0.105,0.289,4,modern rock
Take Me to Church,spotify:track:1CS7Sd1u5tWkstBhpssyjP,https://open.spotify.com/track/1CS7Sd1u5tWkstBhpssyjP,['Hozier'],Hozier (Expanded Edition),80,4.03,128.945,4,0,0.566,0.664,-5.303,0.0464,0.634,0.0,0.116,0.437,4,modern rock
Work Song,spotify:track:5TgEJ62DOzBpGxZ7WRsrqb,https://open.spotify.com/track/5TgEJ62DOzBpGxZ7WRsrqb,['Hozier'],Hozier (Expanded Edition),80,3.83,121.412,10,1,0.531,0.363,-7.672,0.0608,0.749,0.0,0.112,0.259,4,modern rock
Would That I,spotify:track:37zuIvk4KBkAxxLJsxJaHq,https://open.spotify.com/track/37zuIvk4KBkAxxLJsxJaHq,['Hozier'],"Wasteland, Baby!",77,4.47,130.694,5,1,0.521,0.526,-6.032,0.0281,0.243,0.00537,0.108,0.502,4,modern rock
Like Real People Do,spotify:track:57V4uc2b2diZ4RPHXWecb9,https://open.spotify.com/track/57V4uc2b2diZ4RPHXWecb9,['Hozier'],Hozier (Expanded Edition),76,3.3,140.01,7,1,0.539,0.179,-14.33,0.0309,0.921,0.393,0.106,0.145,3,modern rock
All The Small Things,spotify:track:2m1hi0nfMR9vdGC8UcrnwU,https://open.spotify.com/track/2m1hi0nfMR9vdGC8UcrnwU,['blink-182'],Enema Of The State,84,2.78,148.726,0,1,0.434,0.897,-4.918,0.0488,0.0103,0.0,0.612,0.684,4,modern rock
What's My Age Again?,spotify:track:4LJhJ6DQS7NwE7UKtvcM52,https://open.spotify.com/track/4LJhJ6DQS7NwE7UKtvcM52,['blink-182'],Enema Of The State,81,2.47,157.66,6,1,0.391,0.951,-7.419,0.0692,0.0126,0.000378,0.0878,0.468,4,modern rock
I Miss You,spotify:track:1oTo3ijRbaDAtrjJrGAPSw,https://open.spotify.com/track/1oTo3ijRbaDAtrjJrGAPSw,['blink-182'],blink-182,77,3.79,110.0,11,1,0.664,0.781,-6.547,0.0339,0.00103,5.33e-06,0.0867,0.593,4,modern rock
First Date,spotify:track:1fJFuvU2ldmeAm5nFIHcPP,https://open.spotify.com/track/1fJFuvU2ldmeAm5nFIHcPP,['blink-182'],Take Off Your Pants And Jacket,77,2.86,95.594,0,1,0.579,0.928,-4.344,0.0411,0.000715,0.0,0.18,0.882,4,modern rock
Adam's Song,spotify:track:6xpDh0dXrkVp0Po1qrHUd8,https://open.spotify.com/track/6xpDh0dXrkVp0Po1qrHUd8,['blink-182'],Enema Of The State,74,4.16,136.028,0,1,0.52,0.775,-5.803,0.0348,0.034,0.0,0.364,0.382,4,modern rock
I Wanna Be Yours,spotify:track:5XeFesFbtLpXzIVDNQP22n,https://open.spotify.com/track/5XeFesFbtLpXzIVDNQP22n,['Arctic Monkeys'],AM,95,3.07,67.528,0,0,0.464,0.417,-9.345,0.0256,0.136,0.022,0.0974,0.479,4,permanent wave
Why'd You Only Call Me When You're High?,spotify:track:086myS9r57YsLbJpU0TgK9,https://open.spotify.com/track/086myS9r57YsLbJpU0TgK9,['Arctic Monkeys'],AM,90,2.69,92.004,2,1,0.691,0.631,-6.478,0.0368,0.0483,1.13e-05,0.104,0.8,4,permanent wave
Do I Wanna Know?,spotify:track:5FVd6KXrgO9B3JPmC8OPst,https://open.spotify.com/track/5FVd6KXrgO9B3JPmC8OPst,['Arctic Monkeys'],AM,90,4.54,85.03,5,1,0.548,0.532,-7.596,0.0323,0.186,0.000263,0.217,0.405,4,permanent wave
R U Mine?,spotify:track:2AT8iROs4FQueDv2c8q2KE,https://open.spotify.com/track/2AT8iROs4FQueDv2c8q2KE,['Arctic Monkeys'],AM,84,3.36,97.094,6,0,0.288,0.758,-5.692,0.0371,0.00616,0.0,0.303,0.619,4,permanent wave
505,spotify:track:58ge6dfP91o9oXMzq3XkIS,https://open.spotify.com/track/58ge6dfP91o9oXMzq3XkIS,['Arctic Monkeys'],Favourite Worst Nightmare (Standard Version),82,4.23,140.267,0,1,0.52,0.852,-5.866,0.0543,0.00237,5.79e-05,0.0733,0.234,4,permanent wave
Under the Bridge,spotify:track:3d9DChrdc6BOeFsbrZ3Is0,https://open.spotify.com/track/3d9DChrdc6BOeFsbrZ3Is0,['Red Hot Chili Peppers'],Blood Sugar Sex Magik (Deluxe Edition),86,4.41,84.581,4,1,0.559,0.345,-13.496,0.0459,0.0576,0.000105,0.141,0.458,4,permanent wave
Californication,spotify:track:48UPSzbZjgc449aqz8bxox,https://open.spotify.com/track/48UPSzbZjgc449aqz8bxox,['Red Hot Chili Peppers'],Californication (Deluxe Edition),86,5.5,96.483,9,0,0.592,0.767,-2.788,0.027,0.0021,0.00165,0.127,0.328,4,permanent wave
Can't Stop,spotify:track:3ZOEytgrvLwQaqXreDs2Jx,https://open.spotify.com/track/3ZOEytgrvLwQaqXreDs2Jx,['Red Hot Chili Peppers'],By the Way (Deluxe Edition),86,4.48,91.455,9,1,0.618,0.938,-3.442,0.0456,0.0179,0.0,0.167,0.875,4,permanent wave
Scar Tissue,spotify:track:1G391cbiT3v3Cywg8T7DM1,https://open.spotify.com/track/1G391cbiT3v3Cywg8T7DM1,['Red Hot Chili Peppers'],Californication (Deluxe Edition),85,3.6,88.969,0,1,0.595,0.717,-4.803,0.0295,0.0779,0.00274,0.108,0.547,4,permanent wave
Otherside,spotify:track:64BbK9SFKH2jk86U3dGj2P,https://open.spotify.com/track/64BbK9SFKH2jk86U3dGj2P,['Red Hot Chili Peppers'],Californication (Deluxe Edition),85,4.26,123.229,0,1,0.458,0.795,-3.265,0.0574,0.00316,0.000202,0.0756,0.513,4,permanent wave
Heart-Shaped Box,spotify:track:11LmqTE2naFULdEP94AUBa,https://open.spotify.com/track/11LmqTE2naFULdEP94AUBa,['Nirvana'],In Utero (Deluxe Edition),81,4.69,203.006,1,1,0.256,0.641,-10.283,0.0552,0.199,0.0329,0.0853,0.382,4,permanent wave
Smells Like Teen Spirit,spotify:track:5ghIJDpPoe3CfHMGu71E6T,https://open.spotify.com/track/5ghIJDpPoe3CfHMGu71E6T,['Nirvana'],Nevermind (Remastered),80,5.03,116.761,1,1,0.502,0.912,-4.556,0.0564,2.55e-05,0.000173,0.106,0.72,4,permanent wave
Come As You Are,spotify:track:4P5KoWXOxwuobLmHXLMobV,https://open.spotify.com/track/4P5KoWXOxwuobLmHXLMobV,['Nirvana'],Nevermind (Remastered),79,3.65,120.125,4,0,0.5,0.824,-5.846,0.0388,0.00016,0.00161,0.0916,0.539,4,permanent wave
About A Girl,spotify:track:2SHTKB8YYlawTGIuJ2b2ok,https://open.spotify.com/track/2SHTKB8YYlawTGIuJ2b2ok,['Nirvana'],Bleach,79,2.81,131.951,6,0,0.413,0.875,-7.48,0.031,5.13e-06,0.00058,0.209,0.575,4,permanent wave
Dumb,spotify:track:5gRcv46AMTrosmTOqrOV3Q,https://open.spotify.com/track/5gRcv46AMTrosmTOqrOV3Q,['Nirvana'],In Utero,77,2.53,113.589,6,1,0.697,0.395,-13.58,0.0281,0.428,0.653,0.173,0.876,4,permanent wave
Creep,spotify:track:70LcF31zb1H0PyJoS1Sx1r,https://open.spotify.com/track/70LcF31zb1H0PyJoS1Sx1r,['Radiohead'],Pablo Honey,89,3.98,91.844,7,1,0.515,0.43,-9.935,0.0372,0.0097,0.000133,0.129,0.104,4,permanent wave
No Surprises,spotify:track:10nyNJ6zNy2YVYLrcwLccB,https://open.spotify.com/track/10nyNJ6zNy2YVYLrcwLccB,['Radiohead'],OK Computer,85,3.82,76.426,5,1,0.255,0.393,-10.654,0.0278,0.0577,0.00361,0.113,0.118,4,permanent wave
Karma Police,spotify:track:63OQupATfueTdZMWTxW03A,https://open.spotify.com/track/63OQupATfueTdZMWTxW03A,['Radiohead'],OK Computer,80,4.4,74.807,7,1,0.36,0.501,-9.129,0.0258,0.0638,9.32e-05,0.172,0.324,4,permanent wave
High and Dry,spotify:track:2a1iMaoWQ5MnvLFBDv4qkf,https://open.spotify.com/track/2a1iMaoWQ5MnvLFBDv4qkf,['Radiohead'],The Bends,79,4.29,87.568,4,1,0.419,0.383,-11.782,0.0256,0.0724,0.0176,0.0896,0.35,4,permanent wave
Jigsaw Falling Into Place,spotify:track:0YJ9FWWHn9EfnN0lHwbzvV,https://open.spotify.com/track/0YJ9FWWHn9EfnN0lHwbzvV,['Radiohead'],In Rainbows,77,4.15,165.653,11,0,0.462,0.832,-6.085,0.0479,0.108,0.00416,0.0741,0.807,4,permanent wave
Basket Case,spotify:track:6L89mwZXSOwYl76YXfX13s,https://open.spotify.com/track/6L89mwZXSOwYl76YXfX13s,['Green Day'],Dookie,85,3.03,85.064,3,1,0.442,0.943,-3.205,0.0602,0.00293,8.71e-06,0.091,0.781,4,permanent wave
American Idiot,spotify:track:6nTiIhLmQ3FWhvrGafw2zj,https://open.spotify.com/track/6nTiIhLmQ3FWhvrGafw2zj,['Green Day'],American Idiot,84,2.94,186.113,1,1,0.38,0.988,-2.042,0.0639,2.64e-05,7.86e-05,0.368,0.769,4,permanent wave
Boulevard of Broken Dreams,spotify:track:5GorCbAP4aL0EJ16frG2hd,https://open.spotify.com/track/5GorCbAP4aL0EJ16frG2hd,['Green Day'],Greatest Hits: God's Favorite Band,82,4.37,167.06,8,1,0.496,0.682,-4.095,0.0294,0.00552,2.94e-05,0.0589,0.474,4,permanent wave
When I Come Around,spotify:track:1Dr1fXbc2IxaK1Mu8P8Khz,https://open.spotify.com/track/1Dr1fXbc2IxaK1Mu8P8Khz,['Green Day'],Dookie,80,2.97,97.546,11,1,0.531,0.909,-4.236,0.034,0.0175,0.0,0.231,0.814,4,permanent wave
21 Guns,spotify:track:64yrDBpcdwEdNY9loyEGbX,https://open.spotify.com/track/64yrDBpcdwEdNY9loyEGbX,['Green Day'],21st Century Breakdown,77,5.35,159.779,5,1,0.268,0.742,-4.939,0.0355,0.0518,0.0,0.626,0.416,4,permanent wave
Sweater Weather,spotify:track:2QjOHCTQ1Jl3zawyYOpxh6,https://open.spotify.com/track/2QjOHCTQ1Jl3zawyYOpxh6,['The Neighbourhood'],I Love You.,92,4.01,124.053,10,1,0.612,0.807,-2.81,0.0336,0.0495,0.0177,0.101,0.398,4,modern alternative rock
Daddy Issues,spotify:track:5E30LdtzQTGqRvNd7l6kG5,https://open.spotify.com/track/5E30LdtzQTGqRvNd7l6kG5,['The Neighbourhood'],Wiped Out!,87,4.34,85.012,10,1,0.588,0.521,-9.461,0.0329,0.0678,0.149,0.123,0.337,4,modern alternative rock
Softcore,spotify:track:2K7xn816oNHJZ0aVqdQsha,https://open.spotify.com/track/2K7xn816oNHJZ0aVqdQsha,['The Neighbourhood'],Hard To Imagine The Neighbourhood Ever Changing,87,3.44,93.986,9,0,0.575,0.568,-5.509,0.03,0.0484,0.000417,0.286,0.37,4,modern alternative rock
Reflections,spotify:track:2xql0pid3EUwW38AsywxhV,https://open.spotify.com/track/2xql0pid3EUwW38AsywxhV,['The Neighbourhood'],Hard To Imagine The Neighbourhood Ever Changing,86,4.07,113.983,11,0,0.648,0.594,-7.027,0.0293,0.114,0.0462,0.116,0.544,4,modern alternative rock
You Get Me So High,spotify:track:7zwn1eykZtZ5LODrf7c0tS,https://open.spotify.com/track/7zwn1eykZtZ5LODrf7c0tS,['The Neighbourhood'],Hard To Imagine The Neighbourhood Ever Changing,85,2.55,88.036,7,0,0.551,0.881,-6.099,0.0542,0.186,0.0791,0.152,0.387,4,modern alternative rock
Starboy,spotify:track:7MXVkk9YMctZqd1Srtv4MB,https://open.spotify.com/track/7MXVkk9YMctZqd1Srtv4MB,"['The Weeknd', 'Daft Punk']",Starboy,93,3.84,186.003,7,1,0.679,0.587,-7.015,0.276,0.141,6.35e-06,0.137,0.486,4,pop
"One Of The Girls (with JENNIE, Lily Rose Depp)",spotify:track:7CyPwkp0oE8Ro9Dd5CUDjW,https://open.spotify.com/track/7CyPwkp0oE8Ro9Dd5CUDjW,"['The Weeknd', 'JENNIE', 'Lily-Rose Depp']",The Idol Episode 4 (Music from the HBO Original Series),92,4.08,87.51,8,1,0.522,0.641,-6.287,0.0318,0.0545,0.0,0.162,0.202,4,pop
Blinding Lights,spotify:track:0VjIjW4GlUZAMYd2vXMi3b,https://open.spotify.com/track/0VjIjW4GlUZAMYd2vXMi3b,['The Weeknd'],After Hours,91,3.33,171.005,1,1,0.514,0.73,-5.934,0.0598,0.00146,9.54e-05,0.0897,0.334,4,pop
Creepin' (with The Weeknd & 21 Savage),spotify:track:2dHHgzDwk4BJdRwy9uXhTO,https://open.spotify.com/track/2dHHgzDwk4BJdRwy9uXhTO,"['Metro Boomin', 'The Weeknd', '21 Savage']",HEROES & VILLAINS,91,3.69,97.95,1,0,0.715,0.62,-6.005,0.0484,0.417,0.0,0.0822,0.172,4,pop
Popular (with Playboi Carti & Madonna) - Music from the HBO Original Series,spotify:track:6WzRpISELf3YglGAh7TXcG,https://open.spotify.com/track/6WzRpISELf3YglGAh7TXcG,"['The Weeknd', 'Playboi Carti', 'Madonna']",Popular (Music from the HBO Original Series),91,3.59,99.029,1,1,0.855,0.678,-6.276,0.189,0.0569,3.69e-05,0.412,0.852,4,pop
Say Yes To Heaven,spotify:track:6GGtHZgBycCgGBUhZo81xe,https://open.spotify.com/track/6GGtHZgBycCgGBUhZo81xe,['Lana Del Rey'],Say Yes To Heaven,89,3.49,99.992,6,0,0.49,0.352,-11.577,0.0254,0.709,0.0856,0.114,0.166,4,pop
Young And Beautiful,spotify:track:2nMeu6UenVvwUktBCpLMK9,https://open.spotify.com/track/2nMeu6UenVvwUktBCpLMK9,['Lana Del Rey'],Young And Beautiful,87,3.93,113.986,11,0,0.324,0.416,-8.92,0.0368,0.262,3.69e-05,0.11,0.151,4,pop
West Coast,spotify:track:5Y6nVaayzitvsD5F7nr3DV,https://open.spotify.com/track/5Y6nVaayzitvsD5F7nr3DV,['Lana Del Rey'],Ultraviolence (Deluxe),85,4.28,123.167,6,0,0.527,0.591,-7.664,0.0396,0.194,0.0194,0.0907,0.461,4,pop
Cinnamon Girl,spotify:track:2mdEsXPu8ZmkHRRtAdC09e,https://open.spotify.com/track/2mdEsXPu8ZmkHRRtAdC09e,['Lana Del Rey'],Norman Fucking Rockwell!,85,5.01,91.781,6,0,0.294,0.337,-10.614,0.036,0.814,0.414,0.14,0.135,5,pop
Brooklyn Baby,spotify:track:1NZs6n6hl8UuMaX0UC0YTz,https://open.spotify.com/track/1NZs6n6hl8UuMaX0UC0YTz,['Lana Del Rey'],Ultraviolence (Deluxe),84,5.86,107.747,1,1,0.404,0.664,-6.698,0.0407,0.542,0.00402,0.11,0.0949,4,pop
Snooze,spotify:track:4iZ4pt7kvcaH6Yo8UoZ4s2,https://open.spotify.com/track/4iZ4pt7kvcaH6Yo8UoZ4s2,['SZA'],SOS,92,3.36,143.008,5,1,0.559,0.551,-7.231,0.132,0.141,0.0,0.11,0.392,4,pop
Kill Bill,spotify:track:1Qrg8KqiBpW07V7PNxwwwL,https://open.spotify.com/track/1Qrg8KqiBpW07V7PNxwwwL,['SZA'],SOS,91,2.57,88.98,8,1,0.644,0.735,-5.747,0.0391,0.0521,0.144,0.161,0.418,4,pop
Rich Baby Daddy (feat. Sexyy Red & SZA),spotify:track:1yeB8MUNeLo9Ek1UEpsyz6,https://open.spotify.com/track/1yeB8MUNeLo9Ek1UEpsyz6,"['Drake', 'Sexyy Red', 'SZA']",For All The Dogs,88,5.32,146.01,2,1,0.645,0.729,-4.56,0.0528,0.0377,0.0,0.384,0.142,4,pop
TELEKINESIS (feat. SZA & Future),spotify:track:1i9lZvlaDdWDPyXEE95aiq,https://open.spotify.com/track/1i9lZvlaDdWDPyXEE95aiq,"['Travis Scott', 'SZA', 'Future']",UTOPIA,87,5.9,82.826,5,0,0.458,0.535,-4.854,0.0281,0.575,0.0,0.168,0.216,4,pop
All The Stars (with SZA),spotify:track:3GCdLUSnKSMJhs4Tj6CV3s,https://open.spotify.com/track/3GCdLUSnKSMJhs4Tj6CV3s,"['Kendrick Lamar', 'SZA']",Black Panther The Album Music From And Inspired By,86,3.87,96.924,8,1,0.698,0.633,-4.946,0.0597,0.0605,0.000194,0.0926,0.552,4,pop
vampire,spotify:track:1kuGVB7EU95pJObxwvfwKS,https://open.spotify.com/track/1kuGVB7EU95pJObxwvfwKS,['Olivia Rodrigo'],GUTS,94,3.66,138.005,5,1,0.511,0.532,-5.745,0.0578,0.177,0.0,0.291,0.35,4,pop
bad idea right?,spotify:track:3IX0yuEVvDbnqUwMBB3ouC,https://open.spotify.com/track/3IX0yuEVvDbnqUwMBB3ouC,['Olivia Rodrigo'],GUTS,90,3.08,129.979,9,1,0.627,0.879,-3.446,0.0955,0.00193,6.87e-06,0.0647,0.748,4,pop
get him back!,spotify:track:2gyxAWHebV7xPYVxqoi86f,https://open.spotify.com/track/2gyxAWHebV7xPYVxqoi86f,['Olivia Rodrigo'],GUTS,88,3.52,162.043,5,1,0.546,0.846,-5.719,0.181,0.0135,0.0,0.607,0.74,4,pop
deja vu,spotify:track:6HU7h9RYOaPRFeh0R3UeAr,https://open.spotify.com/track/6HU7h9RYOaPRFeh0R3UeAr,['Olivia Rodrigo'],SOUR,88,3.59,180.917,2,1,0.442,0.612,-7.222,0.112,0.584,5.7e-06,0.37,0.178,4,pop
drivers license,spotify:track:5wANPM4fQCJwkGd4rN57mH,https://open.spotify.com/track/5wANPM4fQCJwkGd4rN57mH,['Olivia Rodrigo'],SOUR,87,4.03,143.875,10,1,0.561,0.431,-8.81,0.0578,0.768,1.42e-05,0.106,0.137,4,pop
Love On The Brain,spotify:track:5oO3drDxtziYU2H1X23ZIp,https://open.spotify.com/track/5oO3drDxtziYU2H1X23ZIp,['Rihanna'],ANTI (Deluxe),86,3.73,172.006,4,0,0.509,0.637,-4.83,0.0471,0.0717,1.08e-05,0.0789,0.378,3,pop
We Found Love,spotify:track:6qn9YLKt13AGvpq9jfO8py,https://open.spotify.com/track/6qn9YLKt13AGvpq9jfO8py,"['Rihanna', 'Calvin Harris']",Talk That Talk,85,3.59,127.986,1,1,0.734,0.766,-4.485,0.0383,0.025,0.00138,0.108,0.6,4,pop
Only Girl (In The World),spotify:track:2ENexcMEMsYk0rVJigVD3i,https://open.spotify.com/track/2ENexcMEMsYk0rVJigVD3i,['Rihanna'],Loud (Japan Version),85,3.92,125.911,11,0,0.789,0.706,-4.233,0.0429,0.112,1.71e-05,0.0586,0.638,4,pop
This Is What You Came For,spotify:track:0azC730Exh71aQlOt9Zj3y,https://open.spotify.com/track/0azC730Exh71aQlOt9Zj3y,"['Calvin Harris', 'Rihanna']",This Is What You Came For,84,3.7,123.962,9,0,0.631,0.927,-2.787,0.0332,0.199,0.119,0.148,0.465,4,pop
Needed Me,spotify:track:4pAl7FkDMNBsjykPXo91B3,https://open.spotify.com/track/4pAl7FkDMNBsjykPXo91B3,['Rihanna'],ANTI (Deluxe),84,3.19,110.898,5,0,0.671,0.314,-8.091,0.244,0.11,0.0,0.0825,0.296,4,pop
New Light,spotify:track:4T6FWA703h6H7zk1FoSARw,https://open.spotify.com/track/4T6FWA703h6H7zk1FoSARw,['John Mayer'],Sob Rock,77,3.62,123.932,7,1,0.826,0.694,-7.862,0.0315,0.316,0.0285,0.074,0.852,4,neo mellow
Waiting On the World to Change,spotify:track:5imShWWzwqfAJ9gXFpGAQh,https://open.spotify.com/track/5imShWWzwqfAJ9gXFpGAQh,['John Mayer'],Continuum,76,3.35,176.739,2,1,0.578,0.756,-5.82,0.115,0.157,0.000232,0.249,0.663,4,neo mellow
Your Body Is a Wonderland,spotify:track:7vFv0yFGMJW3qVXbAd9BK9,https://open.spotify.com/track/7vFv0yFGMJW3qVXbAd9BK9,['John Mayer'],Room For Squares,75,4.16,94.01,5,1,0.647,0.729,-6.251,0.0236,0.0206,0.0489,0.134,0.687,4,neo mellow
You're Gonna Live Forever in Me,spotify:track:51lPx6ZCSalL2kvSrDUyJc,https://open.spotify.com/track/51lPx6ZCSalL2kvSrDUyJc,['John Mayer'],The Search for Everything,74,3.17,136.161,7,1,0.542,0.131,-14.104,0.0316,0.983,0.00544,0.156,0.319,4,neo mellow
Gravity,spotify:track:3SktMqZmo3M9zbB7oKMIF7,https://open.spotify.com/track/3SktMqZmo3M9zbB7oKMIF7,['John Mayer'],Continuum,74,4.1,123.799,7,1,0.753,0.326,-9.883,0.0342,0.731,0.00131,0.24,0.237,3,neo mellow
Upside Down,spotify:track:0aJrYfARfCKzv6gXjhs4SZ,https://open.spotify.com/track/0aJrYfARfCKzv6gXjhs4SZ,['Jack Johnson'],Upside Down,76,3.49,102.477,4,1,0.792,0.647,-8.314,0.045,0.255,0.000223,0.132,0.694,4,neo mellow
Better Together,spotify:track:4VywXu6umkIQ2OS0m1I79y,https://open.spotify.com/track/4VywXu6umkIQ2OS0m1I79y,['Jack Johnson'],In Between Dreams,73,3.46,110.059,5,1,0.868,0.347,-9.529,0.0536,0.308,2e-05,0.11,0.659,4,neo mellow
Banana Pancakes,spotify:track:451GvHwY99NKV4zdKPRWmv,https://open.spotify.com/track/451GvHwY99NKV4zdKPRWmv,['Jack Johnson'],In Between Dreams,72,3.2,114.303,7,1,0.816,0.375,-8.053,0.0996,0.607,8.66e-06,0.0933,0.615,4,neo mellow
I Got You,spotify:track:12jjuxN1gxlm29cqL5M6MW,https://open.spotify.com/track/12jjuxN1gxlm29cqL5M6MW,['Jack Johnson'],From Here To Now To You,69,2.99,98.067,11,1,0.899,0.399,-6.553,0.038,0.61,1.52e-05,0.0923,0.544,4,neo mellow
"Sitting, Waiting, Wishing",spotify:track:5eWOsyHHic4vJP3LjTVhqv,https://open.spotify.com/track/5eWOsyHHic4vJP3LjTVhqv,['Jack Johnson'],In Between Dreams,67,3.06,105.019,0,1,0.765,0.535,-7.229,0.0265,0.22,2.55e-05,0.104,0.548,4,neo mellow
Don't Know Why,spotify:track:1zNXF2svmdlNxfS5XeNUgr,https://open.spotify.com/track/1zNXF2svmdlNxfS5XeNUgr,['Norah Jones'],Come Away With Me (Super Deluxe Edition),78,3.1,88.609,5,1,0.745,0.219,-11.216,0.0276,0.851,1.8e-05,0.0678,0.635,4,neo mellow
Sunrise,spotify:track:7zkLpY72g6lKQbiHDqri1S,https://open.spotify.com/track/7zkLpY72g6lKQbiHDqri1S,['Norah Jones'],Feels Like Home,76,3.34,156.848,8,1,0.526,0.299,-13.797,0.031,0.941,0.097,0.106,0.679,4,neo mellow
Come Away With Me,spotify:track:6jGnykaS6TkWp15utXSAeI,https://open.spotify.com/track/6jGnykaS6TkWp15utXSAeI,['Norah Jones'],Come Away With Me (Super Deluxe Edition),75,3.3,76.64,0,1,0.436,0.141,-13.271,0.0308,0.902,2.81e-06,0.126,0.146,3,neo mellow
Turn Me On,spotify:track:1qzHqfvKrZWo6dVHM1dXrj,https://open.spotify.com/track/1qzHqfvKrZWo6dVHM1dXrj,['Norah Jones'],Come Away With Me (Super Deluxe Edition),73,2.58,170.645,10,1,0.429,0.18,-10.694,0.0551,0.864,4.4e-06,0.104,0.485,3,neo mellow
What Am I To You?,spotify:track:0AMKZWRgdFfGYYTxiWrwwH,https://open.spotify.com/track/0AMKZWRgdFfGYYTxiWrwwH,['Norah Jones'],Feels Like Home,67,3.5,75.978,0,1,0.651,0.347,-9.175,0.0341,0.694,0.0249,0.11,0.533,4,neo mellow
"Hey, Soul Sister",spotify:track:4HlFJV71xXKIGcU3kRyttv,https://open.spotify.com/track/4HlFJV71xXKIGcU3kRyttv,['Train'],"Save Me, San Francisco (Golden Gate Edition)",85,3.61,97.012,1,0,0.673,0.886,-4.44,0.0431,0.185,0.0,0.0826,0.795,4,neo mellow
Drops of Jupiter (Tell Me),spotify:track:2hKdd3qO7cWr2Jo0Bcs0MA,https://open.spotify.com/track/2hKdd3qO7cWr2Jo0Bcs0MA,['Train'],Drops Of Jupiter,81,4.33,79.064,0,1,0.481,0.638,-5.862,0.0276,0.153,0.0,0.154,0.497,4,neo mellow
Drive By,spotify:track:0KAiuUOrLTIkzkpfpn9jb9,https://open.spotify.com/track/0KAiuUOrLTIkzkpfpn9jb9,['Train'],California 37,80,3.27,122.028,1,0,0.765,0.837,-3.113,0.032,0.00107,1.06e-05,0.0801,0.721,4,neo mellow
Shake Up Christmas,spotify:track:1NghHeg0wE32eBYrQBVQXL,https://open.spotify.com/track/1NghHeg0wE32eBYrQBVQXL,['Train'],"Save Me, San Francisco (Golden Gate Edition)",73,3.87,81.531,0,1,0.458,0.831,-2.187,0.0654,0.0031,0.0,0.337,0.572,4,neo mellow
50 Ways to Say Goodbye,spotify:track:2NniAhAtkRACaMeYt48xlD,https://open.spotify.com/track/2NniAhAtkRACaMeYt48xlD,['Train'],California 37,69,4.13,140.043,6,1,0.591,0.935,-2.664,0.0478,0.000284,0.000278,0.142,0.736,4,neo mellow
Little Lion Man,spotify:track:4B4vB3oB8csotplfoQcAd6,https://open.spotify.com/track/4B4vB3oB8csotplfoQcAd6,['Mumford & Sons'],Sigh No More,73,4.12,138.81,5,1,0.52,0.496,-8.121,0.0271,0.0234,2.05e-05,0.0905,0.496,4,neo mellow
I Will Wait,spotify:track:1fXiYSWmkKJfRKMegCkI11,https://open.spotify.com/track/1fXiYSWmkKJfRKMegCkI11,['Mumford & Sons'],Babel (Deluxe Version),71,4.61,131.109,1,1,0.478,0.758,-5.4,0.0331,0.00974,0.00717,0.312,0.452,4,neo mellow
The Cave,spotify:track:3vUn7FE3ZaQgJmkhIrIirF,https://open.spotify.com/track/3vUn7FE3ZaQgJmkhIrIirF,['Mumford & Sons'],Sigh No More,71,3.63,141.979,4,1,0.594,0.51,-9.621,0.0383,0.047,7.27e-05,0.0959,0.368,4,neo mellow
Awake My Soul,spotify:track:2jTkLdldm7xtHUfHKhzR7S,https://open.spotify.com/track/2jTkLdldm7xtHUfHKhzR7S,['Mumford & Sons'],Sigh No More,62,4.26,86.22,2,1,0.267,0.472,-10.342,0.0364,0.0607,0.0299,0.0896,0.224,1,neo mellow
Believe,spotify:track:4xmv6NGg9arNPmANOa4cjq,https://open.spotify.com/track/4xmv6NGg9arNPmANOa4cjq,['Mumford & Sons'],Wilder Mind (Deluxe),61,3.68,113.852,11,0,0.359,0.622,-7.476,0.0444,0.0242,0.0654,0.223,0.398,4,neo mellow
I'm Still Standing,spotify:track:1jDJFeK9x3OZboIAHsY9k2,https://open.spotify.com/track/1jDJFeK9x3OZboIAHsY9k2,['Elton John'],Too Low For Zero,86,3.06,176.808,6,1,0.504,0.904,-6.863,0.179,0.356,0.121,0.14,0.772,4,piano rock
"Rocket Man (I Think It's Going To Be A Long, Long Time)",spotify:track:3gdewACMIVMEWVbyb8O9sY,https://open.spotify.com/track/3gdewACMIVMEWVbyb8O9sY,['Elton John'],Honky Chateau,83,4.69,136.571,10,1,0.601,0.532,-9.119,0.0286,0.432,6.25e-06,0.0925,0.341,4,piano rock
Your Song,spotify:track:38zsOOcu31XbbYj9BIPUF1,https://open.spotify.com/track/38zsOOcu31XbbYj9BIPUF1,['Elton John'],Elton John,82,4.03,128.157,3,1,0.554,0.315,-11.028,0.0298,0.828,5.53e-06,0.101,0.325,4,piano rock
Don't Go Breaking My Heart,spotify:track:7HW5WIw7ZgZORCzUxv5gW5,https://open.spotify.com/track/7HW5WIw7ZgZORCzUxv5gW5,"['Elton John', 'Kiki Dee']",Rock Of The Westies,81,4.59,131.459,5,1,0.729,0.844,-8.824,0.0344,0.149,2.87e-06,0.0604,0.777,4,piano rock
Merry Christmas,spotify:track:3bH2Eu9A9ymI4UnGHRmoXg,https://open.spotify.com/track/3bH2Eu9A9ymI4UnGHRmoXg,"['Ed Sheeran', 'Elton John']",Merry Christmas,80,3.48,113.99,0,1,0.594,0.935,-2.018,0.0357,0.243,2.36e-06,0.102,0.602,4,piano rock
Uptown Girl,spotify:track:5zA8vzDGqPl2AzZkEYQGKh,https://open.spotify.com/track/5zA8vzDGqPl2AzZkEYQGKh,['Billy Joel'],An Innocent Man,82,3.3,128.993,4,1,0.701,0.944,-2.986,0.0455,0.0755,0.0,0.601,0.792,4,piano rock
Piano Man,spotify:track:70C4NyhjD5OZUMzvWZ3njJ,https://open.spotify.com/track/70C4NyhjD5OZUMzvWZ3njJ,['Billy Joel'],Piano Man (Legacy Edition),78,5.65,177.734,0,1,0.331,0.55,-6.483,0.0272,0.605,3.96e-06,0.192,0.429,3,piano rock
We Didn't Start the Fire,spotify:track:3Cx4yrFaX8CeHwBMReOWXI,https://open.spotify.com/track/3Cx4yrFaX8CeHwBMReOWXI,['Billy Joel'],Storm Front,77,4.8,145.024,7,1,0.712,0.967,-5.206,0.047,0.0771,0.0,0.356,0.895,4,piano rock
My Life,spotify:track:4ZoBC5MhSEzuknIgAkBaoT,https://open.spotify.com/track/4ZoBC5MhSEzuknIgAkBaoT,['Billy Joel'],52nd Street,74,4.73,131.097,2,1,0.741,0.647,-12.878,0.0427,0.108,0.00139,0.0555,0.804,4,piano rock
Just the Way You Are,spotify:track:49MHCPzvMLXhRjDantBMVH,https://open.spotify.com/track/49MHCPzvMLXhRjDantBMVH,['Billy Joel'],The Stranger (Legacy Edition),73,4.84,139.148,7,1,0.589,0.453,-8.912,0.0397,0.703,2.54e-05,0.134,0.513,4,piano rock
Somewhere Only We Know,spotify:track:0ll8uFnc0nANY35E0Lfxvg,https://open.spotify.com/track/0ll8uFnc0nANY35E0Lfxvg,['Keane'],Hopes And Fears,79,3.94,172.012,9,1,0.453,0.655,-4.22,0.0259,0.0794,7.61e-06,0.0849,0.368,4,piano rock
Everybody's Changing,spotify:track:5hkdfA87RZvNaxl6XiveOA,https://open.spotify.com/track/5hkdfA87RZvNaxl6XiveOA,['Keane'],Hopes And Fears,67,3.59,94.015,0,1,0.515,0.835,-3.564,0.0293,0.00146,0.000235,0.101,0.457,4,piano rock
Nothing In My Way,spotify:track:7falOwHJ9MjskdcNehIh79,https://open.spotify.com/track/7falOwHJ9MjskdcNehIh79,['Keane'],Under The Iron Sea,66,4.01,172.478,10,0,0.399,0.854,-4.97,0.0294,0.00107,3.96e-06,0.0893,0.872,4,piano rock
Is It Any Wonder?,spotify:track:5xT8JXJSyHYNfC11OFqzFL,https://open.spotify.com/track/5xT8JXJSyHYNfC11OFqzFL,['Keane'],Under The Iron Sea,63,3.1,129.352,11,0,0.489,0.955,-2.771,0.0363,3.82e-05,0.000178,0.334,0.816,4,piano rock
Somewhere Only We Know - BBC Steve Lamacq Session / 2003,spotify:track:2I5GCwdJkw7hhnUkSjzqUU,https://open.spotify.com/track/2I5GCwdJkw7hhnUkSjzqUU,['Keane'],Hopes And Fears (Deluxe Edition),59,3.82,172.031,9,1,0.437,0.574,-6.611,0.0259,0.0328,0.000376,0.102,0.271,4,piano rock
Breakfast In America - 2010 Remastered,spotify:track:4a5pNRjwmzYQuEY1E7O6pj,https://open.spotify.com/track/4a5pNRjwmzYQuEY1E7O6pj,['Supertramp'],Breakfast In America (Deluxe Edition),79,2.66,75.14,0,0,0.532,0.663,-5.886,0.0292,0.425,1.07e-06,0.0734,0.756,4,piano rock
Give A Little Bit,spotify:track:6XUHsYE38CEbYunT983O9G,https://open.spotify.com/track/6XUHsYE38CEbYunT983O9G,['Supertramp'],Even In The Quietest Moments,78,4.14,90.767,2,1,0.531,0.818,-5.358,0.0452,0.0694,0.0096,0.263,0.471,4,piano rock
The Logical Song - Remastered 2010,spotify:track:6mHOcVtsHLMuesJkswc0GZ,https://open.spotify.com/track/6mHOcVtsHLMuesJkswc0GZ,['Supertramp'],Breakfast In America (Deluxe Edition),77,4.19,119.719,5,0,0.625,0.758,-6.213,0.0463,0.512,0.00022,0.153,0.695,4,piano rock
Take The Long Way Home - 2010 Remastered,spotify:track:0v0XYK0pLgsPiq5u4FKHaw,https://open.spotify.com/track/0v0XYK0pLgsPiq5u4FKHaw,['Supertramp'],Breakfast In America (Deluxe Edition),69,5.15,76.79,5,1,0.414,0.7,-8.838,0.0301,0.22,0.000721,0.114,0.37,4,piano rock
Goodbye Stranger - 2010 Remastered,spotify:track:67oyFnjJnn78fZP9KjeZx0,https://open.spotify.com/track/67oyFnjJnn78fZP9KjeZx0,['Supertramp'],Breakfast In America (Deluxe Edition),68,5.84,125.391,1,1,0.42,0.668,-7.35,0.0517,0.607,0.016,0.0585,0.338,4,piano rock
How to Save a Life,spotify:track:5fVZC9GiM4e8vu99W0Xf6J,https://open.spotify.com/track/5fVZC9GiM4e8vu99W0Xf6J,['The Fray'],How To Save A Life,82,4.38,122.035,10,1,0.64,0.743,-4.08,0.0379,0.269,0.0,0.101,0.361,4,piano rock
Look After You,spotify:track:5l6hpyTGBK0LAAxgPnqTQL,https://open.spotify.com/track/5l6hpyTGBK0LAAxgPnqTQL,['The Fray'],How To Save A Life,76,4.45,78.039,6,0,0.447,0.592,-3.015,0.0319,0.0575,4.47e-06,0.13,0.283,4,piano rock
You Found Me,spotify:track:4IoYz8XqqdowINzfRrFnhi,https://open.spotify.com/track/4IoYz8XqqdowINzfRrFnhi,['The Fray'],The Fray,75,4.03,151.994,8,0,0.338,0.803,-5.412,0.0413,0.0187,0.0,0.136,0.4,4,piano rock
Over My Head (Cable Car),spotify:track:1N62wozuHCvczCkY4QidpP,https://open.spotify.com/track/1N62wozuHCvczCkY4QidpP,['The Fray'],How To Save A Life,72,3.94,116.03,8,1,0.592,0.729,-4.156,0.0448,0.022,0.0,0.0653,0.709,4,piano rock
Never Say Never,spotify:track:57uX2vR9j9DNiANDYfXw1i,https://open.spotify.com/track/57uX2vR9j9DNiANDYfXw1i,['The Fray'],The Fray,69,4.28,160.139,8,1,0.23,0.492,-5.767,0.0317,0.568,8.18e-06,0.176,0.262,4,piano rock
Dance The Night - From Barbie The Album,spotify:track:1vYXt7VSjH9JIM5oRRo7vA,https://open.spotify.com/track/1vYXt7VSjH9JIM5oRRo7vA,['Dua Lipa'],Dance The Night (From Barbie The Album),93,2.94,110.056,11,0,0.671,0.845,-4.93,0.048,0.0207,0.0,0.329,0.775,4,uk pop
Houdini,spotify:track:4OMJGnvZfDvsePyCwRGO7X,https://open.spotify.com/track/4OMJGnvZfDvsePyCwRGO7X,['Dua Lipa'],Houdini,93,3.1,116.985,9,0,0.744,0.789,-4.876,0.059,0.0036,0.00144,0.0947,0.866,4,uk pop
One Kiss (with Dua Lipa),spotify:track:7ef4DlsgrMEH11cDZd32M6,https://open.spotify.com/track/7ef4DlsgrMEH11cDZd32M6,"['Calvin Harris', 'Dua Lipa']",One Kiss (with Dua Lipa),86,3.58,123.994,9,0,0.791,0.862,-3.24,0.11,0.037,2.19e-05,0.0814,0.592,4,uk pop
Don't Start Now,spotify:track:3PfIrDoz19wz7qK7tYeu62,https://open.spotify.com/track/3PfIrDoz19wz7qK7tYeu62,['Dua Lipa'],Future Nostalgia,84,3.05,123.95,11,0,0.793,0.793,-4.521,0.083,0.0123,0.0,0.0951,0.679,4,uk pop
Levitating (feat. DaBaby),spotify:track:5nujrmhLynf4yMoMtj8AQF,https://open.spotify.com/track/5nujrmhLynf4yMoMtj8AQF,"['Dua Lipa', 'DaBaby']",Future Nostalgia,84,3.38,102.977,6,0,0.702,0.825,-3.787,0.0601,0.00883,0.0,0.0674,0.915,4,uk pop
Skyfall,spotify:track:6VObnIkLVruX4UVyxWhlqm,https://open.spotify.com/track/6VObnIkLVruX4UVyxWhlqm,['Adele'],Skyfall,86,4.77,75.881,0,0,0.346,0.552,-6.864,0.0282,0.417,0.0,0.114,0.0789,4,uk pop
Set Fire to the Rain,spotify:track:73CMRj62VK8nUS4ezD2wvi,https://open.spotify.com/track/73CMRj62VK8nUS4ezD2wvi,['Adele'],21,83,4.05,107.993,2,0,0.603,0.67,-3.882,0.0249,0.00408,1.68e-06,0.112,0.446,4,uk pop
Rolling in the Deep,spotify:track:1c8gk2PeTE04A1pIDH9YMk,https://open.spotify.com/track/1c8gk2PeTE04A1pIDH9YMk,['Adele'],21,83,3.8,104.948,8,1,0.73,0.769,-5.114,0.0298,0.138,0.0,0.0473,0.507,4,uk pop
Easy On Me,spotify:track:46IZ0fSY2mpAiktS3KOqds,https://open.spotify.com/track/46IZ0fSY2mpAiktS3KOqds,['Adele'],30,83,3.74,141.981,5,1,0.604,0.366,-7.519,0.0282,0.578,0.0,0.133,0.13,4,uk pop
Someone Like You,spotify:track:1zwMYTA5nlNjZxYrvBB2pV,https://open.spotify.com/track/1zwMYTA5nlNjZxYrvBB2pV,['Adele'],21,81,4.75,135.187,9,1,0.556,0.319,-8.251,0.0281,0.893,0.0,0.0996,0.294,4,uk pop
Too Good At Goodbyes,spotify:track:1mXVgsBdtIVeCLJnSnmtdV,https://open.spotify.com/track/1mXVgsBdtIVeCLJnSnmtdV,['Sam Smith'],The Thrill Of It All (Special Edition),87,3.35,91.873,5,1,0.681,0.372,-8.237,0.0432,0.64,0.0,0.169,0.476,4,uk pop
I'm Not The Only One,spotify:track:7795WJLVKJoAyVoOtCWqXN,https://open.spotify.com/track/7795WJLVKJoAyVoOtCWqXN,['Sam Smith'],In The Lonely Hour,86,3.99,82.001,5,1,0.677,0.485,-5.795,0.0361,0.529,2.04e-05,0.0766,0.493,4,uk pop
Stay With Me,spotify:track:5Nm9ERjJZ5oyfXZTECKmRt,https://open.spotify.com/track/5Nm9ERjJZ5oyfXZTECKmRt,['Sam Smith'],In The Lonely Hour,86,2.88,84.094,0,1,0.418,0.42,-6.444,0.0414,0.588,6.39e-05,0.11,0.184,4,uk pop
Desire (with Sam Smith),spotify:track:22dUzMFttcR3uU17NcOAIv,https://open.spotify.com/track/22dUzMFttcR3uU17NcOAIv,"['Calvin Harris', 'Sam Smith']",Desire (with Sam Smith),86,2.99,140.009,11,0,0.587,0.924,-5.433,0.0457,0.0311,0.0171,0.23,0.509,4,uk pop
Like I Can,spotify:track:2TeLIzFBe3hxkPR5FIQZut,https://open.spotify.com/track/2TeLIzFBe3hxkPR5FIQZut,['Sam Smith'],In The Lonely Hour,81,2.78,99.933,7,0,0.656,0.627,-6.627,0.0379,0.343,2.17e-05,0.124,0.481,4,uk pop
Say You Won't Let Go,spotify:track:5uCax9HTNlzGybIStD3vDh,https://open.spotify.com/track/5uCax9HTNlzGybIStD3vDh,['James Arthur'],Back from the Edge,88,3.52,85.043,10,1,0.358,0.557,-7.398,0.059,0.695,0.0,0.0902,0.494,4,uk pop
Car's Outside,spotify:track:0otRX6Z89qKkHkQ9OqJpKt,https://open.spotify.com/track/0otRX6Z89qKkHkQ9OqJpKt,['James Arthur'],YOU,88,4.14,149.907,9,1,0.338,0.562,-7.181,0.029,0.039,0.0,0.107,0.259,4,uk pop
Rewrite The Stars (with James Arthur & Anne-Marie),spotify:track:6mQLN3zRtAp6ovjusyYKrV,https://open.spotify.com/track/6mQLN3zRtAp6ovjusyYKrV,"['James Arthur', 'Anne-Marie']",Rewrite The Stars (with James Arthur & Anne-Marie),82,3.64,125.944,10,1,0.67,0.743,-4.993,0.0393,0.237,0.0,0.465,0.571,4,uk pop
Train Wreck,spotify:track:55Am8neGJkdj2ADaM3aw5H,https://open.spotify.com/track/55Am8neGJkdj2ADaM3aw5H,['James Arthur'],Back from the Edge,82,3.48,77.355,6,0,0.311,0.485,-5.726,0.0365,0.701,0.0,0.0726,0.225,4,uk pop
Can I Be Him,spotify:track:0VhgEqMTNZwYL1ARDLLNCX,https://open.spotify.com/track/0VhgEqMTNZwYL1ARDLLNCX,['James Arthur'],Back from the Edge,81,4.11,107.969,11,1,0.696,0.543,-6.164,0.0489,0.308,0.0,0.0939,0.479,4,uk pop
Someone You Loved,spotify:track:7qEHsqek33rTcFNT9PFqLf,https://open.spotify.com/track/7qEHsqek33rTcFNT9PFqLf,['Lewis Capaldi'],Divinely Uninspired To A Hellish Extent,90,3.04,109.891,1,1,0.501,0.405,-5.679,0.0319,0.751,0.0,0.105,0.446,4,uk pop
Before You Go,spotify:track:2gMXnyrvIjhVBUZwvLZDMP,https://open.spotify.com/track/2gMXnyrvIjhVBUZwvLZDMP,['Lewis Capaldi'],Divinely Uninspired To A Hellish Extent (Extended Edition),86,3.59,111.881,3,1,0.459,0.575,-4.858,0.0573,0.604,0.0,0.0885,0.183,4,uk pop
Bruises,spotify:track:4Of7rzpRpV1mWRbhp5rAqG,https://open.spotify.com/track/4Of7rzpRpV1mWRbhp5rAqG,['Lewis Capaldi'],Divinely Uninspired To A Hellish Extent,83,3.67,111.202,4,1,0.736,0.308,-7.83,0.0677,0.946,0.0,0.186,0.361,4,uk pop
Wish You The Best,spotify:track:3gdPwk2wyOXNRnTA1KXnEr,https://open.spotify.com/track/3gdPwk2wyOXNRnTA1KXnEr,['Lewis Capaldi'],Broken By Desire To Be Heavenly Sent,82,3.51,107.95,3,1,0.676,0.461,-3.59,0.0304,0.555,0.0,0.0951,0.466,4,uk pop
Hold Me While You Wait,spotify:track:60iSKGrGazRzICtMjADNSM,https://open.spotify.com/track/60iSKGrGazRzICtMjADNSM,['Lewis Capaldi'],Divinely Uninspired To A Hellish Extent,80,3.43,106.958,11,1,0.688,0.53,-5.507,0.0333,0.443,0.0,0.0995,0.162,4,uk pop
Miracle (with Ellie Goulding),spotify:track:5eTaQYBE1yrActixMAeLcZ,https://open.spotify.com/track/5eTaQYBE1yrActixMAeLcZ,"['Calvin Harris', 'Ellie Goulding']",Miracle (with Ellie Goulding),85,3.11,143.011,9,1,0.636,0.869,-5.289,0.0412,0.0378,0.0446,0.0808,0.306,4,metropopolis
Outside (feat. Ellie Goulding),spotify:track:7MmG8p0F9N3C4AXdK6o6Eb,https://open.spotify.com/track/7MmG8p0F9N3C4AXdK6o6Eb,"['Calvin Harris', 'Ellie Goulding']",Motion,84,3.79,128.035,2,0,0.646,0.823,-4.123,0.0394,0.213,0.0,0.322,0.418,4,metropopolis
"Love Me Like You Do - From ""Fifty Shades Of Grey""",spotify:track:3zHq9ouUJQFQRf3cm1rRLu,https://open.spotify.com/track/3zHq9ouUJQFQRf3cm1rRLu,['Ellie Goulding'],Delirium (Deluxe),80,4.21,189.857,8,1,0.262,0.606,-6.646,0.0484,0.247,0.0,0.125,0.275,4,metropopolis
Burn,spotify:track:5lF0pHbsJ0QqyIrLweHJPW,https://open.spotify.com/track/5lF0pHbsJ0QqyIrLweHJPW,['Ellie Goulding'],Halcyon Nights,77,3.85,86.921,1,1,0.555,0.772,-5.007,0.0523,0.315,0.0,0.105,0.346,4,metropopolis
All By Myself,spotify:track:5Hp4xFihdOE2dmDzxWcBFb,https://open.spotify.com/track/5Hp4xFihdOE2dmDzxWcBFb,"['Alok', 'Sigala', 'Ellie Goulding']",All By Myself,76,2.86,123.041,0,0,0.662,0.848,-4.338,0.0346,0.0932,7.62e-06,0.241,0.773,4,metropopolis
Royals,spotify:track:2dLLR6qlu5UJ5gk0dKz0h3,https://open.spotify.com/track/2dLLR6qlu5UJ5gk0dKz0h3,['Lorde'],Pure Heroine,83,3.17,84.878,7,1,0.674,0.428,-9.504,0.122,0.121,0.0,0.132,0.337,4,metropopolis
Team,spotify:track:3G6hD9B2ZHOsgf4WfNu7X1,https://open.spotify.com/track/3G6hD9B2ZHOsgf4WfNu7X1,['Lorde'],Pure Heroine,82,3.22,99.961,6,1,0.69,0.578,-7.436,0.0929,0.167,0.0,0.305,0.416,4,metropopolis
Ribs,spotify:track:2MvvoeRt8NcOXWESkxWn3g,https://open.spotify.com/track/2MvvoeRt8NcOXWESkxWn3g,['Lorde'],Pure Heroine,81,4.32,127.978,4,1,0.511,0.472,-9.277,0.091,0.534,0.614,0.11,0.0399,4,metropopolis
Green Light,spotify:track:6ie2Bw3xLj2JcGowOlcMhb,https://open.spotify.com/track/6ie2Bw3xLj2JcGowOlcMhb,['Lorde'],Melodrama,75,3.91,128.942,2,1,0.594,0.721,-7.812,0.0957,0.0209,8.55e-06,0.0879,0.253,4,metropopolis
Liability,spotify:track:6Kkt27YmFyIFrcX3QXFi2o,https://open.spotify.com/track/6Kkt27YmFyIFrcX3QXFi2o,['Lorde'],Melodrama,75,2.86,75.67,10,0,0.587,0.229,-11.254,0.128,0.92,0.0,0.1,0.379,4,metropopolis
Speed Drive (From Barbie The Album),spotify:track:5VxmI3IdgAxWVvUnJoLuY2,https://open.spotify.com/track/5VxmI3IdgAxWVvUnJoLuY2,['Charli XCX'],Speed Drive (From Barbie The Album),83,1.96,173.925,0,1,0.652,0.879,-6.405,0.0784,0.00284,0.0896,0.0918,0.789,4,metropopolis
In The City,spotify:track:3xY5aYJcdvZX9xQxNd02ku,https://open.spotify.com/track/3xY5aYJcdvZX9xQxNd02ku,"['Charli XCX', 'Sam Smith']",In The City,78,2.94,128.046,4,1,0.736,0.754,-5.457,0.0443,0.033,0.000599,0.0731,0.648,4,metropopolis
Yuck,spotify:track:5cYEuFqzITZlZzpoR1sHvu,https://open.spotify.com/track/5cYEuFqzITZlZzpoR1sHvu,['Charli XCX'],CRASH,65,2.31,100.939,1,1,0.765,0.675,-5.687,0.0402,0.0585,1.51e-06,0.0703,0.886,4,metropopolis
Good Ones,spotify:track:2grSOc6HNTXQQXNoRKt9UM,https://open.spotify.com/track/2grSOc6HNTXQQXNoRKt9UM,['Charli XCX'],CRASH,64,2.28,129.049,7,0,0.764,0.672,-5.947,0.0293,0.072,3.32e-06,0.0806,0.789,4,metropopolis
Vroom Vroom,spotify:track:5hyq3LBlCfjRQAFkdQwe8o,https://open.spotify.com/track/5hyq3LBlCfjRQAFkdQwe8o,['Charli XCX'],Vroom Vroom EP,64,3.22,151.007,11,1,0.836,0.684,-5.818,0.241,0.122,0.0,0.0854,0.514,4,metropopolis
Pompeii,spotify:track:3gbBpTdY8lnQwqxNCcf795,https://open.spotify.com/track/3gbBpTdY8lnQwqxNCcf795,['Bastille'],Bad Blood,73,3.57,127.435,9,1,0.679,0.715,-6.383,0.0407,0.0755,0.0,0.271,0.571,4,metropopolis
Good Grief,spotify:track:1oxOiOjsi7plNOZEhoPLPj,https://open.spotify.com/track/1oxOiOjsi7plNOZEhoPLPj,['Bastille'],Wild World (Complete Edition),64,3.44,120.041,1,1,0.73,0.758,-4.888,0.0653,0.147,0.0,0.311,0.877,4,metropopolis
Things We Lost In The Fire,spotify:track:6qOxF7JKKNegcuocn14ukr,https://open.spotify.com/track/6qOxF7JKKNegcuocn14ukr,['Bastille'],All This Bad Blood,63,4.01,134.055,4,0,0.587,0.918,-4.878,0.0581,0.0636,0.0,0.267,0.629,4,metropopolis
Of The Night,spotify:track:7BNDyzwDboNRR2wmd7GSew,https://open.spotify.com/track/7BNDyzwDboNRR2wmd7GSew,['Bastille'],All This Bad Blood,63,3.57,125.01,5,0,0.67,0.829,-7.2,0.0427,0.0192,0.000225,0.089,0.349,4,metropopolis
Icarus,spotify:track:3aO4GaEhtu1UanIGKefdD3,https://open.spotify.com/track/3aO4GaEhtu1UanIGKefdD3,['Bastille'],All This Bad Blood,61,3.75,134.945,4,0,0.583,0.778,-6.578,0.0459,0.0712,1.23e-06,0.0753,0.673,4,metropopolis
Habits (Stay High),spotify:track:14OxJlLdcHNpgsm4DRwDOB,https://open.spotify.com/track/14OxJlLdcHNpgsm4DRwDOB,['Tove Lo'],Queen Of The Clouds,77,3.49,110.02,5,1,0.729,0.65,-3.539,0.0313,0.0702,6.69e-05,0.0829,0.347,4,metropopolis
Don't Say Goodbye (feat. Tove Lo),spotify:track:0GTPmh5G40joBg93vcSQNq,https://open.spotify.com/track/0GTPmh5G40joBg93vcSQNq,"['Alok', 'Ilkay Sencan', 'Tove Lo']",Don't Say Goodbye (feat. Tove Lo),71,3.11,120.062,0,0,0.698,0.719,-4.923,0.0455,0.00829,4.01e-06,0.326,0.364,4,metropopolis
Talking Body,spotify:track:2tpfxAXiI52znho4WE3XFA,https://open.spotify.com/track/2tpfxAXiI52znho4WE3XFA,['Tove Lo'],Queen Of The Clouds,69,3.97,119.999,4,0,0.736,0.761,-5.449,0.0338,0.0966,0.0,0.0823,0.114,4,metropopolis
Pressure (feat. Tove Lo),spotify:track:4ga4WvRNhMsIL38pkBbnIN,https://open.spotify.com/track/4ga4WvRNhMsIL38pkBbnIN,"['Martin Garrix', 'Tove Lo']",Pressure (feat. Tove Lo),66,2.41,114.978,7,0,0.859,0.558,-8.991,0.0902,0.659,0.324,0.124,0.357,4,metropopolis
Habits (Stay High) - Hippie Sabotage Remix,spotify:track:62N2JSA0jHmSH7Va9t7hIf,https://open.spotify.com/track/62N2JSA0jHmSH7Va9t7hIf,"['Tove Lo', 'Hippie Sabotage']",Queen Of The Clouds,65,4.32,121.011,4,0,0.735,0.686,-7.562,0.0366,0.00108,0.874,0.0933,0.0656,4,metropopolis
Miracle (with Ellie Goulding),spotify:track:5eTaQYBE1yrActixMAeLcZ,https://open.spotify.com/track/5eTaQYBE1yrActixMAeLcZ,"['Calvin Harris', 'Ellie Goulding']",Miracle (with Ellie Goulding),85,3.11,143.011,9,1,0.636,0.869,-5.289,0.0412,0.0378,0.0446,0.0808,0.306,4,indietronica
Outside (feat. Ellie Goulding),spotify:track:7MmG8p0F9N3C4AXdK6o6Eb,https://open.spotify.com/track/7MmG8p0F9N3C4AXdK6o6Eb,"['Calvin Harris', 'Ellie Goulding']",Motion,84,3.79,128.035,2,0,0.646,0.823,-4.123,0.0394,0.213,0.0,0.322,0.418,4,indietronica
"Love Me Like You Do - From ""Fifty Shades Of Grey""",spotify:track:3zHq9ouUJQFQRf3cm1rRLu,https://open.spotify.com/track/3zHq9ouUJQFQRf3cm1rRLu,['Ellie Goulding'],Delirium (Deluxe),80,4.21,189.857,8,1,0.262,0.606,-6.646,0.0484,0.247,0.0,0.125,0.275,4,indietronica
Burn,spotify:track:5lF0pHbsJ0QqyIrLweHJPW,https://open.spotify.com/track/5lF0pHbsJ0QqyIrLweHJPW,['Ellie Goulding'],Halcyon Nights,77,3.85,86.921,1,1,0.555,0.772,-5.007,0.0523,0.315,0.0,0.105,0.346,4,indietronica
All By Myself,spotify:track:5Hp4xFihdOE2dmDzxWcBFb,https://open.spotify.com/track/5Hp4xFihdOE2dmDzxWcBFb,"['Alok', 'Sigala', 'Ellie Goulding']",All By Myself,76,2.86,123.041,0,0,0.662,0.848,-4.338,0.0346,0.0932,7.62e-06,0.241,0.773,4,indietronica
The Spins,spotify:track:7FAFkQQZFeNwOFzTrSDFIh,https://open.spotify.com/track/7FAFkQQZFeNwOFzTrSDFIh,"['Mac Miller', 'Empire of the Sun']",K.I.D.S. (Deluxe),83,3.26,127.006,9,0,0.794,0.766,-3.894,0.0377,0.0135,0.0,0.0785,0.55,4,indietronica
The Thrill,spotify:track:56oGoEjA9eTZYgsttEFKY3,https://open.spotify.com/track/56oGoEjA9eTZYgsttEFKY3,"['Wiz Khalifa', 'Empire of the Sun']",The Thrill,77,3.91,126.984,10,0,0.817,0.775,-4.767,0.108,0.277,0.0,0.108,0.806,4,indietronica
Walking On A Dream,spotify:track:3HfhB8sYqLlVmpBPb7cc2x,https://open.spotify.com/track/3HfhB8sYqLlVmpBPb7cc2x,['Empire of the Sun'],Walking On A Dream,65,3.31,126.967,5,0,0.87,0.699,-5.541,0.0459,0.245,6.76e-06,0.0588,0.726,4,indietronica
We Are The People - southstar Remix,spotify:track:3vLMN02wGnPBdjRVvewedS,https://open.spotify.com/track/3vLMN02wGnPBdjRVvewedS,"['Empire of the Sun', 'southstar']",We Are The People (southstar Remix),65,3.93,150.014,7,1,0.717,0.832,-6.404,0.0396,0.0018,0.0334,0.13,0.128,4,indietronica
Alive,spotify:track:5WBnKCEsPwsvWHUZmLjS3s,https://open.spotify.com/track/5WBnKCEsPwsvWHUZmLjS3s,['Empire of the Sun'],Ice On The Dune,64,3.41,119.954,5,1,0.524,0.885,-3.079,0.037,0.0997,0.0,0.0708,0.395,4,indietronica
Gooey,spotify:track:1gk3FhAV07q9Jg77UxnVjX,https://open.spotify.com/track/1gk3FhAV07q9Jg77UxnVjX,['Glass Animals'],ZABA,71,4.82,183.114,11,0,0.487,0.369,-13.424,0.0406,0.736,3.75e-05,0.0925,0.106,4,indietronica
Youth,spotify:track:1LPGwuFgIzbJoShfDdw7MY,https://open.spotify.com/track/1LPGwuFgIzbJoShfDdw7MY,['Glass Animals'],How To Be A Human Being,71,3.84,96.017,9,0,0.648,0.718,-7.765,0.0298,0.129,0.00156,0.112,0.785,4,indietronica
Heat Waves - Slowed,spotify:track:1K2RnVhm3eauKnA8PAcPu1,https://open.spotify.com/track/1K2RnVhm3eauKnA8PAcPu1,['Glass Animals'],Heat Waves (Expansion Pack),71,4.37,147.099,9,1,0.633,0.55,-9.965,0.0924,0.649,0.000363,0.147,0.333,4,indietronica
The Other Side Of Paradise,spotify:track:0rRjGruFonCGOt0S5zAJNQ,https://open.spotify.com/track/0rRjGruFonCGOt0S5zAJNQ,['Glass Animals'],How To Be A Human Being,71,5.34,128.012,11,0,0.689,0.338,-7.634,0.0629,0.349,5.7e-05,0.0649,0.568,4,indietronica
Take A Slice,spotify:track:37adYGaYaAWTGhBaOzX4Fh,https://open.spotify.com/track/37adYGaYaAWTGhBaOzX4Fh,['Glass Animals'],How To Be A Human Being,68,3.83,151.97,9,1,0.623,0.661,-7.0,0.1,0.0212,0.000229,0.267,0.63,4,indietronica
Back On 74,spotify:track:19kHhX6f6EfLU7rcO3RqjO,https://open.spotify.com/track/19kHhX6f6EfLU7rcO3RqjO,['Jungle'],Volcano,83,3.49,146.003,10,0,0.62,0.761,-7.282,0.175,0.207,0.000147,0.269,0.194,4,indietronica
I've Been In Love,spotify:track:7j3zZ2jAjzFD60UjhldhHo,https://open.spotify.com/track/7j3zZ2jAjzFD60UjhldhHo,"['Jungle', 'Channel Tres']",Volcano,75,2.82,114.967,9,0,0.679,0.506,-9.497,0.0671,0.421,0.00216,0.434,0.588,4,indietronica
Candle Flame,spotify:track:1Ad2HcIX9zBqoWRvxtpYGf,https://open.spotify.com/track/1Ad2HcIX9zBqoWRvxtpYGf,"['Jungle', 'Erick the Architect']",Volcano,73,2.9,123.032,9,0,0.673,0.72,-7.318,0.039,0.143,1.82e-05,0.913,0.588,4,indietronica
Casio,spotify:track:44ZKnfWEkp7wPs035j4Tua,https://open.spotify.com/track/44ZKnfWEkp7wPs035j4Tua,['Jungle'],For Ever,72,3.91,115.989,10,0,0.816,0.492,-7.464,0.0752,0.431,0.0896,0.0995,0.765,4,indietronica
Happy Man,spotify:track:1oSDiyNMslJoTCfUZBHNP2,https://open.spotify.com/track/1oSDiyNMslJoTCfUZBHNP2,['Jungle'],For Ever,70,3.19,108.017,9,0,0.594,0.516,-7.848,0.0316,0.198,2.91e-05,0.0736,0.154,4,indietronica
Little Dark Age,spotify:track:2Y0iGXY6m6immVb2ktbseM,https://open.spotify.com/track/2Y0iGXY6m6immVb2ktbseM,['MGMT'],Little Dark Age,82,5.0,97.512,6,1,0.705,0.712,-6.156,0.0385,0.0102,0.000855,0.1,0.62,4,indietronica
Kids,spotify:track:1jJci4qxiYcOHhQR247rEU,https://open.spotify.com/track/1jJci4qxiYcOHhQR247rEU,['MGMT'],Oracular Spectacular,79,5.05,122.961,9,1,0.451,0.931,-3.871,0.0719,0.00076,0.0049,0.361,0.172,4,indietronica
Electric Feel,spotify:track:3FtYbEfBqAlGO46NUDQSAt,https://open.spotify.com/track/3FtYbEfBqAlGO46NUDQSAt,['MGMT'],Oracular Spectacular,79,3.83,103.04,1,1,0.763,0.803,-3.713,0.0351,0.0709,0.285,0.348,0.561,3,indietronica
Time to Pretend,spotify:track:4iG2gAwKXsOcijVaVXzRPW,https://open.spotify.com/track/4iG2gAwKXsOcijVaVXzRPW,['MGMT'],Oracular Spectacular,74,4.35,100.99,2,1,0.438,0.94,-3.249,0.0452,8.74e-05,0.0777,0.3,0.421,3,indietronica
When You Die,spotify:track:3td69vL9Py7Ai9wfXYnvji,https://open.spotify.com/track/3td69vL9Py7Ai9wfXYnvji,['MGMT'],Little Dark Age,67,4.4,140.886,11,0,0.645,0.938,-4.557,0.0391,0.0946,0.0226,0.159,0.495,4,indietronica
There Is a Light That Never Goes Out - 2011 Remaster,spotify:track:0WQiDwKJclirSYG9v5tayI,https://open.spotify.com/track/0WQiDwKJclirSYG9v5tayI,['The Smiths'],The Queen Is Dead,82,4.08,136.162,4,1,0.523,0.769,-5.855,0.0269,0.04,0.0,0.136,0.876,4,new wave
This Charming Man - 2011 Remaster,spotify:track:1FvDJ9KGxcqwv1utyPL3JZ,https://open.spotify.com/track/1FvDJ9KGxcqwv1utyPL3JZ,['The Smiths'],The Smiths,80,2.72,103.912,11,1,0.611,0.846,-5.9,0.0436,0.00509,0.0,0.0784,0.751,4,new wave
This Night Has Opened My Eyes - 2011 Remaster,spotify:track:69Kzq3FMkDwiSFBQzRckFD,https://open.spotify.com/track/69Kzq3FMkDwiSFBQzRckFD,['The Smiths'],Hatful of Hollow,79,3.69,100.038,2,1,0.696,0.628,-8.407,0.0274,0.00102,0.428,0.272,0.701,4,new wave
Back to the Old House - 2011 Remaster,spotify:track:6LUGvXEAK8WxIBYK43uoTb,https://open.spotify.com/track/6LUGvXEAK8WxIBYK43uoTb,['The Smiths'],Louder Than Bombs,79,3.11,104.13,2,1,0.626,0.488,-7.805,0.0253,0.0102,0.000188,0.141,0.404,3,new wave
Heaven Knows I'm Miserable Now - 2011 Remaster,spotify:track:1xaTREM89RbIxkcjlpf4Uw,https://open.spotify.com/track/1xaTREM89RbIxkcjlpf4Uw,['The Smiths'],Hatful of Hollow,76,3.6,114.045,6,1,0.609,0.759,-4.862,0.0276,0.028,0.0,0.183,0.774,4,new wave
Last Christmas - Single Version,spotify:track:06qMRF18gwbOYYbnP2du6i,https://open.spotify.com/track/06qMRF18gwbOYYbnP2du6i,['Wham!'],The Singles: Echoes from the Edge of Heaven,82,4.43,107.732,2,1,0.733,0.598,-8.228,0.0278,0.212,3.71e-06,0.156,0.935,4,new wave
Wake Me Up Before You Go-Go,spotify:track:0ikz6tENMONtK6qGkOrU3c,https://open.spotify.com/track/0ikz6tENMONtK6qGkOrU3c,['Wham!'],Make It Big,82,3.86,81.548,0,1,0.62,0.573,-11.893,0.0423,0.271,0.0,0.0607,0.897,4,new wave
Everything She Wants,spotify:track:5hXEcqQhEjfZdbIZLO8mf2,https://open.spotify.com/track/5hXEcqQhEjfZdbIZLO8mf2,['Wham!'],Make It Big,71,5.04,115.09,6,0,0.899,0.459,-15.557,0.0366,0.322,0.00406,0.165,0.962,4,new wave
Club Tropicana,spotify:track:6tASfEUyB7lE2r6DLzURji,https://open.spotify.com/track/6tASfEUyB7lE2r6DLzURji,['Wham!'],Fantastic,66,4.43,117.283,11,1,0.658,0.714,-9.247,0.0519,0.0294,5.7e-05,0.651,0.806,4,new wave
Freedom,spotify:track:0PhU6i6Kei6x0CH3jocvA3,https://open.spotify.com/track/0PhU6i6Kei6x0CH3jocvA3,['Wham!'],Make It Big,63,5.04,132.538,0,1,0.591,0.651,-12.882,0.0424,0.42,1.94e-06,0.129,0.824,4,new wave
Everybody Wants To Rule The World,spotify:track:4RvWPyQ5RL0ao9LPZeSouE,https://open.spotify.com/track/4RvWPyQ5RL0ao9LPZeSouE,['Tears For Fears'],Songs From The Big Chair (Super Deluxe Edition),89,4.19,112.067,7,1,0.645,0.795,-12.095,0.0527,0.347,0.00389,0.104,0.535,4,new wave
Shout,spotify:track:2gQaQUhDCNGfBVXTvxAmXQ,https://open.spotify.com/track/2gQaQUhDCNGfBVXTvxAmXQ,['Tears For Fears'],Songs From The Big Chair,75,6.56,97.909,0,1,0.511,0.942,-10.407,0.0429,0.174,1.87e-05,0.139,0.498,4,new wave
"Head Over Heels - Dave Bascombe 7"" N.Mix",spotify:track:5lwQGZYF4BXOzFtXc5zk8q,https://open.spotify.com/track/5lwQGZYF4BXOzFtXc5zk8q,"['Tears For Fears', 'Dave Bascombe']",Songs From The Big Chair (Deluxe),73,4.29,95.007,7,1,0.623,0.739,-8.116,0.0244,0.338,1.88e-05,0.109,0.642,4,new wave
Mad World,spotify:track:0Qv7xi6uPSqH2k82tOkGSt,https://open.spotify.com/track/0Qv7xi6uPSqH2k82tOkGSt,['Tears For Fears'],The Hurting,71,3.59,118.729,4,1,0.647,0.896,-5.949,0.0509,0.0709,0.0505,0.0614,0.953,4,new wave
Rule The World (Everybody),spotify:track:2f2dRxjiUOoV5qhZFbnVO6,https://open.spotify.com/track/2f2dRxjiUOoV5qhZFbnVO6,"['Tisto', 'Tears For Fears', 'NIIKO X SWAE', 'GUDFELLA']",Rule The World (Everybody),71,2.88,127.963,2,1,0.628,0.997,-1.7,0.0706,0.031,0.0101,0.133,0.158,4,new wave
Enjoy the Silence,spotify:track:4wGSg2Qqpt2sGCWuAZj6EN,https://open.spotify.com/track/4wGSg2Qqpt2sGCWuAZj6EN,"['Depeche Mode', 'Daniel Miller', 'Phil Legg']","Violator | The 12"" Singles",69,4.29,112.776,0,0,0.626,0.667,-11.817,0.0283,0.209,0.000257,0.0779,0.83,4,new wave
Just Can't Get Enough - 2006 Remaster,spotify:track:0xuXRQJfxmdP6gvfDe2Z4L,https://open.spotify.com/track/0xuXRQJfxmdP6gvfDe2Z4L,['Depeche Mode'],Speak & Spell (2006 Remaster),66,3.71,128.177,0,1,0.765,0.766,-9.374,0.0348,0.41,0.052,0.177,0.923,4,new wave
Ghosts Again,spotify:track:3p5JD79PQP737dyEY2hnmf,https://open.spotify.com/track/3p5JD79PQP737dyEY2hnmf,['Depeche Mode'],Memento Mori,65,3.98,115.01,6,0,0.589,0.748,-4.767,0.0259,0.000438,0.0349,0.16,0.334,4,new wave
Never Let Me Down Again - 2006 Remaster,spotify:track:2H1BmB1b6Px9KJXIUpD03u,https://open.spotify.com/track/2H1BmB1b6Px9KJXIUpD03u,['Depeche Mode'],Music for the Masses (2006 Remaster),64,4.84,106.067,0,1,0.581,0.886,-6.505,0.0324,0.279,0.0297,0.691,0.586,4,new wave
Precious,spotify:track:3c4bJL7mARZvd387847GsC,https://open.spotify.com/track/3c4bJL7mARZvd387847GsC,"['Depeche Mode', 'Steve Fitzmaurice']",Playing the Angel,63,4.1,104.988,1,1,0.568,0.837,-6.138,0.0266,0.09,0.0587,0.0994,0.853,4,new wave
Psycho Killer - 2005 Remaster,spotify:track:1i6N76fftMZhijOzFQ5ZtL,https://open.spotify.com/track/1i6N76fftMZhijOzFQ5ZtL,['Talking Heads'],Talking Heads '77 (Deluxe Version),78,4.36,123.118,2,1,0.721,0.521,-8.123,0.0613,0.0708,0.00545,0.127,0.942,4,new wave
This Must Be the Place (Naive Melody) - 2005 Remaster,spotify:track:6aBUnkXuCEQQHAlTokv9or,https://open.spotify.com/track/6aBUnkXuCEQQHAlTokv9or,['Talking Heads'],Speaking in Tongues (Deluxe Version),73,4.94,114.443,7,1,0.942,0.641,-10.15,0.0333,0.331,0.179,0.028,0.966,4,new wave
Once in a Lifetime - 2005 Remaster,spotify:track:38Ngied9rBORlAbLYNCl4k,https://open.spotify.com/track/38Ngied9rBORlAbLYNCl4k,['Talking Heads'],Remain in Light (Deluxe Version),71,4.33,117.459,2,1,0.644,0.919,-6.289,0.0561,0.181,0.134,0.622,0.871,4,new wave
Burning Down the House,spotify:track:2VNfJpwdEQBLyXajaa6LWT,https://open.spotify.com/track/2VNfJpwdEQBLyXajaa6LWT,['Talking Heads'],Burning Down the House / I Get Wild / Wild Gravity,67,4.03,102.689,5,0,0.779,0.87,-13.141,0.0574,0.00644,0.0107,0.0399,0.555,4,new wave
And She Was,spotify:track:5JwK7v6XhG0YgqDuCgzOy8,https://open.spotify.com/track/5JwK7v6XhG0YgqDuCgzOy8,['Talking Heads'],Little Creatures,61,3.65,126.477,9,1,0.763,0.629,-9.947,0.0322,0.013,0.0585,0.0756,0.973,4,new wave
There Is a Light That Never Goes Out - 2011 Remaster,spotify:track:0WQiDwKJclirSYG9v5tayI,https://open.spotify.com/track/0WQiDwKJclirSYG9v5tayI,['The Smiths'],The Queen Is Dead,82,4.08,136.162,4,1,0.523,0.769,-5.855,0.0269,0.04,0.0,0.136,0.876,4,uk post-punk
This Charming Man - 2011 Remaster,spotify:track:1FvDJ9KGxcqwv1utyPL3JZ,https://open.spotify.com/track/1FvDJ9KGxcqwv1utyPL3JZ,['The Smiths'],The Smiths,80,2.72,103.912,11,1,0.611,0.846,-5.9,0.0436,0.00509,0.0,0.0784,0.751,4,uk post-punk
This Night Has Opened My Eyes - 2011 Remaster,spotify:track:69Kzq3FMkDwiSFBQzRckFD,https://open.spotify.com/track/69Kzq3FMkDwiSFBQzRckFD,['The Smiths'],Hatful of Hollow,79,3.69,100.038,2,1,0.696,0.628,-8.407,0.0274,0.00102,0.428,0.272,0.701,4,uk post-punk
Back to the Old House - 2011 Remaster,spotify:track:6LUGvXEAK8WxIBYK43uoTb,https://open.spotify.com/track/6LUGvXEAK8WxIBYK43uoTb,['The Smiths'],Louder Than Bombs,79,3.11,104.13,2,1,0.626,0.488,-7.805,0.0253,0.0102,0.000188,0.141,0.404,3,uk post-punk
Heaven Knows I'm Miserable Now - 2011 Remaster,spotify:track:1xaTREM89RbIxkcjlpf4Uw,https://open.spotify.com/track/1xaTREM89RbIxkcjlpf4Uw,['The Smiths'],Hatful of Hollow,76,3.6,114.045,6,1,0.609,0.759,-4.862,0.0276,0.028,0.0,0.183,0.774,4,uk post-punk
Believer,spotify:track:0pqnGHJpmpxLKifKRmU6WP,https://open.spotify.com/track/0pqnGHJpmpxLKifKRmU6WP,['Imagine Dragons'],Evolve,89,3.41,124.949,10,0,0.776,0.78,-4.374,0.128,0.0622,0.0,0.081,0.666,4,rock
Thunder,spotify:track:1zB4vmk8tFRmM9UULNzbLB,https://open.spotify.com/track/1zB4vmk8tFRmM9UULNzbLB,['Imagine Dragons'],Evolve,87,3.12,167.997,0,1,0.605,0.822,-4.833,0.0438,0.00671,0.134,0.147,0.288,4,rock
Bones,spotify:track:54ipXppHLA8U4yqpOFTUhr,https://open.spotify.com/track/54ipXppHLA8U4yqpOFTUhr,['Imagine Dragons'],Mercury - Acts 1 & 2,86,2.75,114.061,5,0,0.772,0.75,-3.67,0.0455,0.0201,0.0,0.074,0.587,4,rock
Whatever It Takes,spotify:track:6Qn5zhYkTa37e91HC1D7lb,https://open.spotify.com/track/6Qn5zhYkTa37e91HC1D7lb,['Imagine Dragons'],Evolve,84,3.35,134.945,10,0,0.672,0.655,-5.021,0.0311,0.0362,0.0,0.117,0.556,4,rock
Enemy (with JID) - from the series Arcane League of Legends,spotify:track:3CIyK1V4JEJkg02E4EJnDl,https://open.spotify.com/track/3CIyK1V4JEJkg02E4EJnDl,"['Imagine Dragons', 'JID', 'Arcane', 'League of Legends']",Mercury - Acts 1 & 2,83,2.89,77.011,11,0,0.728,0.783,-4.424,0.266,0.237,0.0,0.434,0.555,4,rock
I Wanna Be Yours,spotify:track:5XeFesFbtLpXzIVDNQP22n,https://open.spotify.com/track/5XeFesFbtLpXzIVDNQP22n,['Arctic Monkeys'],AM,95,3.07,67.528,0,0,0.464,0.417,-9.345,0.0256,0.136,0.022,0.0974,0.479,4,rock
Why'd You Only Call Me When You're High?,spotify:track:086myS9r57YsLbJpU0TgK9,https://open.spotify.com/track/086myS9r57YsLbJpU0TgK9,['Arctic Monkeys'],AM,90,2.69,92.004,2,1,0.691,0.631,-6.478,0.0368,0.0483,1.13e-05,0.104,0.8,4,rock
Do I Wanna Know?,spotify:track:5FVd6KXrgO9B3JPmC8OPst,https://open.spotify.com/track/5FVd6KXrgO9B3JPmC8OPst,['Arctic Monkeys'],AM,90,4.54,85.03,5,1,0.548,0.532,-7.596,0.0323,0.186,0.000263,0.217,0.405,4,rock
R U Mine?,spotify:track:2AT8iROs4FQueDv2c8q2KE,https://open.spotify.com/track/2AT8iROs4FQueDv2c8q2KE,['Arctic Monkeys'],AM,84,3.36,97.094,6,0,0.288,0.758,-5.692,0.0371,0.00616,0.0,0.303,0.619,4,rock
505,spotify:track:58ge6dfP91o9oXMzq3XkIS,https://open.spotify.com/track/58ge6dfP91o9oXMzq3XkIS,['Arctic Monkeys'],Favourite Worst Nightmare (Standard Version),82,4.23,140.267,0,1,0.52,0.852,-5.866,0.0543,0.00237,5.79e-05,0.0733,0.234,4,rock
Come Together - Remastered 2009,spotify:track:2EqlS6tkEnglzr7tkKAAYD,https://open.spotify.com/track/2EqlS6tkEnglzr7tkKAAYD,['The Beatles'],Abbey Road (Remastered),80,4.33,165.007,9,0,0.533,0.376,-11.913,0.0393,0.0302,0.248,0.0926,0.187,4,rock
Let It Be - Remastered 2009,spotify:track:7iN1s7xHE4ifF5povM6A48,https://open.spotify.com/track/7iN1s7xHE4ifF5povM6A48,['The Beatles'],Let It Be (Remastered),80,4.05,143.462,0,1,0.443,0.403,-8.339,0.0322,0.631,0.0,0.111,0.41,4,rock
Twist And Shout - Remastered 2009,spotify:track:5ZBeML7Lf3FMEVviTyvi8l,https://open.spotify.com/track/5ZBeML7Lf3FMEVviTyvi8l,['The Beatles'],Please Please Me (Remastered),79,2.59,124.631,2,1,0.482,0.849,-9.198,0.0452,0.641,7.74e-06,0.0414,0.937,4,rock
In My Life - Remastered 2009,spotify:track:3KfbEIOC7YIv90FIfNSZpo,https://open.spotify.com/track/3KfbEIOC7YIv90FIfNSZpo,['The Beatles'],Rubber Soul (Remastered),79,2.44,103.239,9,1,0.688,0.435,-11.359,0.0323,0.449,0.0,0.113,0.435,4,rock
Blackbird - Remastered 2009,spotify:track:5jgFfDIR6FR0gvlA56Nakr,https://open.spotify.com/track/5jgFfDIR6FR0gvlA56Nakr,['The Beatles'],The Beatles (Remastered),78,2.31,93.699,7,1,0.686,0.127,-14.361,0.0342,0.754,1.41e-05,0.0573,0.372,4,rock
In the End,spotify:track:60a0Rd6pjrkxjPbaKzXjfq,https://open.spotify.com/track/60a0Rd6pjrkxjPbaKzXjfq,['Linkin Park'],Hybrid Theory (Bonus Edition),89,3.61,105.143,3,0,0.556,0.864,-5.87,0.0584,0.00958,0.0,0.209,0.4,4,rock
What I've Done,spotify:track:18lR4BzEs7e3qzc0KVkTpU,https://open.spotify.com/track/18lR4BzEs7e3qzc0KVkTpU,['Linkin Park'],Minutes to Midnight,83,3.43,120.119,5,1,0.623,0.93,-5.285,0.0324,0.0141,1.64e-06,0.138,0.287,4,rock
Faint,spotify:track:4Yf5bqU3NK4kNOypcrLYwU,https://open.spotify.com/track/4Yf5bqU3NK4kNOypcrLYwU,['Linkin Park'],Meteora,81,2.71,135.095,4,1,0.554,0.978,-3.554,0.131,0.111,0.0,0.0731,0.594,4,rock
Numb / Encore,spotify:track:5sNESr6pQfIhL3krM8CtZn,https://open.spotify.com/track/5sNESr6pQfIhL3krM8CtZn,"['JAY-Z', 'Linkin Park']",Numb / Encore: MTV Ultimate Mash-Ups Presents Collision Course,81,3.43,107.045,2,1,0.687,0.793,-4.254,0.166,0.0603,0.0,0.582,0.751,4,rock
One Step Closer,spotify:track:3K4HG9evC7dg3N0R9cYqk4,https://open.spotify.com/track/3K4HG9evC7dg3N0R9cYqk4,['Linkin Park'],Hybrid Theory (Bonus Edition),81,2.62,95.136,9,1,0.492,0.969,-4.419,0.0491,0.0014,1.32e-06,0.0787,0.538,4,rock
Don't Stop Me Now - Remastered 2011,spotify:track:7hQJA50XrCWABAu5v6QZ4i,https://open.spotify.com/track/7hQJA50XrCWABAu5v6QZ4i,['Queen'],Jazz (Deluxe Remastered Version),76,3.49,156.271,5,1,0.563,0.865,-5.277,0.16,0.0472,0.000191,0.77,0.601,4,rock
Another One Bites The Dust - Remastered 2011,spotify:track:57JVGBtBLCfHw2muk5416J,https://open.spotify.com/track/57JVGBtBLCfHw2muk5416J,['Queen'],The Game (Deluxe Remastered Version),75,3.58,109.975,5,0,0.933,0.528,-6.472,0.162,0.112,0.329,0.163,0.756,4,rock
Bohemian Rhapsody - Remastered 2011,spotify:track:7tFiyTwD0nx5a1eklYtX2J,https://open.spotify.com/track/7tFiyTwD0nx5a1eklYtX2J,['Queen'],A Night At The Opera (Deluxe Remastered Version),74,5.91,143.883,0,0,0.392,0.402,-9.961,0.0536,0.288,0.0,0.243,0.228,4,rock
Under Pressure - Remastered 2011,spotify:track:11IzgLRXV7Cgek3tEgGgjw,https://open.spotify.com/track/11IzgLRXV7Cgek3tEgGgjw,"['Queen', 'David Bowie']",Hot Space (Deluxe Remastered Version),74,4.14,113.809,2,1,0.671,0.711,-7.813,0.0478,0.422,0.0,0.104,0.466,4,rock
Crazy Little Thing Called Love - Remastered 2011,spotify:track:35ItUJlMtjOQW3SSiTCrrw,https://open.spotify.com/track/35ItUJlMtjOQW3SSiTCrrw,['Queen'],The Game (Deluxe Remastered Version),73,2.72,76.961,0,1,0.599,0.762,-6.887,0.0423,0.714,4.43e-06,0.35,0.715,4,rock
Spotless (feat. The Lumineers),spotify:track:0HEytGQM3bG1vKxER7IgVK,https://open.spotify.com/track/0HEytGQM3bG1vKxER7IgVK,"['Zach Bryan', 'The Lumineers']",Zach Bryan,82,2.82,72.129,0,1,0.604,0.444,-7.695,0.0698,0.409,0.0,0.0837,0.169,4,folk-pop
Ophelia,spotify:track:3d8y0t70g7hw2FOWl9Z4Fm,https://open.spotify.com/track/3d8y0t70g7hw2FOWl9Z4Fm,['The Lumineers'],Cleopatra,79,2.67,76.023,5,1,0.664,0.573,-6.519,0.0277,0.613,0.000363,0.0857,0.566,4,folk-pop
Ho Hey,spotify:track:0W4Kpfp1w2xkY3PrV714B7,https://open.spotify.com/track/0W4Kpfp1w2xkY3PrV714B7,['The Lumineers'],The Lumineers,78,2.72,79.936,0,1,0.685,0.466,-9.074,0.0304,0.794,2.06e-06,0.0915,0.353,4,folk-pop
Flowers in Your Hair,spotify:track:3Hvg5tRKsQlX25wYwgMF9p,https://open.spotify.com/track/3Hvg5tRKsQlX25wYwgMF9p,['The Lumineers'],The Lumineers,76,1.83,127.463,7,1,0.67,0.609,-10.088,0.0333,0.749,6.74e-05,0.227,0.573,4,folk-pop
Cleopatra,spotify:track:2ToW7zhGCrVrLU4fiKj9U1,https://open.spotify.com/track/2ToW7zhGCrVrLU4fiKj9U1,['The Lumineers'],Cleopatra,74,3.36,151.393,8,1,0.536,0.775,-6.765,0.0394,0.228,0.000143,0.0947,0.485,4,folk-pop
Riptide,spotify:track:3JvrhDOgAt6p7K8mDyZwRd,https://open.spotify.com/track/3JvrhDOgAt6p7K8mDyZwRd,['Vance Joy'],Dream Your Life Away (Special Edition),82,3.4,101.654,1,1,0.484,0.731,-6.694,0.0379,0.431,0.0,0.151,0.51,4,folk-pop
Saturday Sun,spotify:track:2RiBogNRfulkNf7fVbPOrJ,https://open.spotify.com/track/2RiBogNRfulkNf7fVbPOrJ,['Vance Joy'],Nation of Two,75,3.58,99.995,8,1,0.637,0.864,-4.381,0.0468,0.484,0.0,0.222,0.706,4,folk-pop
Mess Is Mine,spotify:track:29jtZGdgpE2lWm2mkIt6HS,https://open.spotify.com/track/29jtZGdgpE2lWm2mkIt6HS,['Vance Joy'],Dream Your Life Away (Special Edition),69,3.73,108.043,7,1,0.595,0.723,-8.256,0.0349,0.047,0.0286,0.0995,0.272,1,folk-pop
Georgia,spotify:track:429EttO8gs0bDo2SQfUNSm,https://open.spotify.com/track/429EttO8gs0bDo2SQfUNSm,['Vance Joy'],Dream Your Life Away (Special Edition),69,3.84,143.554,11,1,0.388,0.66,-7.372,0.0308,0.312,0.000307,0.0943,0.401,4,folk-pop
Missing Piece,spotify:track:2vB9ME0oZwfTGAUMC71CaT,https://open.spotify.com/track/2vB9ME0oZwfTGAUMC71CaT,['Vance Joy'],In Our Own Sweet Time,68,3.6,101.976,0,1,0.632,0.863,-5.21,0.0446,0.0449,1.01e-06,0.13,0.731,4,folk-pop
Budapest,spotify:track:2ixsaeFioXJmMgkkbd4uj1,https://open.spotify.com/track/2ixsaeFioXJmMgkkbd4uj1,['George Ezra'],Wanted on Voyage (Expanded Edition),82,3.35,127.812,5,1,0.717,0.455,-8.303,0.0276,0.0846,0.0,0.11,0.389,4,folk-pop
Green Green Grass,spotify:track:4N5s8lPTsjI9EGP7K4SXzB,https://open.spotify.com/track/4N5s8lPTsjI9EGP7K4SXzB,['George Ezra'],Gold Rush Kid,79,2.79,112.972,8,1,0.685,0.738,-4.413,0.0595,0.0695,0.0,0.128,0.8,4,folk-pop
Shotgun,spotify:track:4ofwffwvvnbSkrMSCKQDaC,https://open.spotify.com/track/4ofwffwvvnbSkrMSCKQDaC,['George Ezra'],Staying at Tamara's,78,3.35,115.744,5,1,0.673,0.735,-4.733,0.0457,0.286,0.0,0.242,0.754,4,folk-pop
Hold My Girl,spotify:track:42bbDWZ8WmXTH7PkYAlGLu,https://open.spotify.com/track/42bbDWZ8WmXTH7PkYAlGLu,['George Ezra'],Staying at Tamara's,75,3.53,121.941,10,1,0.614,0.527,-6.374,0.0302,0.597,0.0,0.11,0.354,4,folk-pop
Anyone For You (Tiger Lily),spotify:track:44JSreJxvgl3CxLo5MoQL0,https://open.spotify.com/track/44JSreJxvgl3CxLo5MoQL0,['George Ezra'],Gold Rush Kid,72,3.13,103.031,10,1,0.662,0.807,-3.285,0.0411,0.293,3.55e-06,0.189,0.772,4,folk-pop
Power Over Me,spotify:track:4tViDtaHuSLnh7HVJTrKhs,https://open.spotify.com/track/4tViDtaHuSLnh7HVJTrKhs,['Dermot Kennedy'],Without Fear,75,3.45,173.868,9,0,0.319,0.841,-4.232,0.147,0.0518,0.0,0.106,0.483,3,folk-pop
Kiss Me,spotify:track:1ELMCVbADOtZj8tYdS01nI,https://open.spotify.com/track/1ELMCVbADOtZj8tYdS01nI,['Dermot Kennedy'],Sonder (2023),74,3.82,120.058,0,0,0.638,0.853,-2.158,0.0347,0.00127,0.0,0.068,0.518,4,folk-pop
Paradise,spotify:track:40FUdLENDY3sZmHEM25lpE,https://open.spotify.com/track/40FUdLENDY3sZmHEM25lpE,"['MEDUZA', 'Dermot Kennedy']",MEDUZA,69,2.8,124.119,8,0,0.637,0.567,-7.572,0.0407,0.0627,0.0,0.271,0.433,4,folk-pop
Better Days,spotify:track:0B6hW0mGwtejHAWuJ0qMka,https://open.spotify.com/track/0B6hW0mGwtejHAWuJ0qMka,['Dermot Kennedy'],Sonder (2023),68,3.3,99.953,0,1,0.677,0.55,-7.053,0.042,0.427,0.0,0.0915,0.343,4,folk-pop
Sunday,spotify:track:7xxmW8ieHp9YnACGc0PfNz,https://open.spotify.com/track/7xxmW8ieHp9YnACGc0PfNz,['Dermot Kennedy'],Sunday,68,2.98,83.861,11,1,0.62,0.478,-5.68,0.0363,0.815,0.0,0.0976,0.312,4,folk-pop
Let Her Go,spotify:track:1KxwZYyzWNyZSRyErj2ojT,https://open.spotify.com/track/1KxwZYyzWNyZSRyErj2ojT,['Passenger'],All The Little Lights,78,4.21,74.897,7,1,0.479,0.545,-7.346,0.0688,0.365,0.0,0.0963,0.243,4,folk-pop
Let Her Go (feat. Ed Sheeran) - Anniversary Edition,spotify:track:1nHKI4L5pWrN5CUvW07nHP,https://open.spotify.com/track/1nHKI4L5pWrN5CUvW07nHP,"['Passenger', 'Ed Sheeran']",All The Little Lights (Anniversary Edition),68,4.28,71.195,6,1,0.483,0.486,-6.943,0.0345,0.586,1.34e-06,0.326,0.345,4,folk-pop
Simple Song,spotify:track:70HWRkitkAKfos500LBk0T,https://open.spotify.com/track/70HWRkitkAKfos500LBk0T,['Passenger'],The Boy Who Cried Wolf,64,3.81,78.0,5,1,0.631,0.402,-11.125,0.0286,0.616,0.0114,0.0892,0.598,4,folk-pop
Shape of Love,spotify:track:6eQYZ57P28uc8caJagxYcZ,https://open.spotify.com/track/6eQYZ57P28uc8caJagxYcZ,"['Passenger', 'Boy & Bear']",Flight of the Crow,58,3.14,105.529,1,0,0.625,0.736,-8.658,0.0325,0.118,0.0,0.167,0.909,4,folk-pop
Sword from the Stone,spotify:track:1Fc2Gqn9bTuoeSHfhl1net,https://open.spotify.com/track/1Fc2Gqn9bTuoeSHfhl1net,['Passenger'],Songs for the Drunk and Broken Hearted,57,3.36,79.938,0,0,0.619,0.457,-9.324,0.0348,0.581,4.63e-05,0.136,0.434,4,folk-pop
Stick Season,spotify:track:0mflMxspEfB0VbI1kyLiAv,https://open.spotify.com/track/0mflMxspEfB0VbI1kyLiAv,['Noah Kahan'],Stick Season,92,3.04,117.913,9,1,0.662,0.488,-6.894,0.0682,0.782,0.0,0.102,0.817,4,pov: indie
Dial Drunk (with Post Malone),spotify:track:22VHOlVYBqytsrAqV8yXBK,https://open.spotify.com/track/22VHOlVYBqytsrAqV8yXBK,"['Noah Kahan', 'Post Malone']",Dial Drunk (with Post Malone),85,3.56,112.046,8,1,0.667,0.613,-7.147,0.0313,0.121,0.0,0.113,0.681,4,pov: indie
Northern Attitude (with Hozier),spotify:track:4oEf84vBYVftf6KmZexhVo,https://open.spotify.com/track/4oEf84vBYVftf6KmZexhVo,"['Noah Kahan', 'Hozier']",Northern Attitude (with Hozier),83,4.45,122.017,3,1,0.486,0.64,-8.027,0.0551,0.136,7.58e-05,0.105,0.289,4,pov: indie
Youre Gonna Go Far,spotify:track:4nHJcUtNSUVjXRnjdP29Bk,https://open.spotify.com/track/4nHJcUtNSUVjXRnjdP29Bk,['Noah Kahan'],Stick Season (We'll All Be Here Forever),82,4.77,169.909,7,1,0.59,0.36,-9.643,0.0301,0.599,0.0,0.112,0.379,4,pov: indie
Sarah's Place (feat. Noah Kahan),spotify:track:1fvC3CmNAbsx0V9ULMU8NB,https://open.spotify.com/track/1fvC3CmNAbsx0V9ULMU8NB,"['Zach Bryan', 'Noah Kahan']",Sarah's Place (feat. Noah Kahan),81,3.57,151.566,7,1,0.576,0.683,-5.103,0.118,0.41,0.0,0.0819,0.433,4,pov: indie
My Love Mine All Mine,spotify:track:3vkCueOmm7xQDoJ17W1Pm3,https://open.spotify.com/track/3vkCueOmm7xQDoJ17W1Pm3,['Mitski'],The Land Is Inhospitable and So Are We,98,2.3,113.95,9,1,0.504,0.308,-14.958,0.0321,0.868,0.135,0.158,0.121,4,pov: indie
Washing Machine Heart,spotify:track:3jjsRKEsF42ccXf8kWR3nu,https://open.spotify.com/track/3jjsRKEsF42ccXf8kWR3nu,['Mitski'],Be the Cowboy,86,2.14,105.997,9,1,0.613,0.822,-4.087,0.026,0.0092,0.506,0.429,0.567,4,pov: indie
First Love/Late Spring,spotify:track:3sslYZcFKtUvIEWN9lADgr,https://open.spotify.com/track/3sslYZcFKtUvIEWN9lADgr,['Mitski'],Bury Me At Makeout Creek,81,4.64,99.963,0,1,0.445,0.543,-8.196,0.0272,0.000825,0.0137,0.202,0.102,4,pov: indie
I Bet on Losing Dogs,spotify:track:2Co0IjcLTSHMtodwD4gzfg,https://open.spotify.com/track/2Co0IjcLTSHMtodwD4gzfg,['Mitski'],Puberty 2,80,2.84,82.048,9,1,0.398,0.493,-9.561,0.0303,0.00347,0.000157,0.106,0.412,4,pov: indie
Francis Forever,spotify:track:5411TEB6tlzvuF5A4oyldr,https://open.spotify.com/track/5411TEB6tlzvuF5A4oyldr,['Mitski'],Bury Me At Makeout Creek,80,2.49,101.986,2,1,0.535,0.448,-9.167,0.0279,0.00262,1.94e-05,0.115,0.32,4,pov: indie
Sweater Weather,spotify:track:2QjOHCTQ1Jl3zawyYOpxh6,https://open.spotify.com/track/2QjOHCTQ1Jl3zawyYOpxh6,['The Neighbourhood'],I Love You.,92,4.01,124.053,10,1,0.612,0.807,-2.81,0.0336,0.0495,0.0177,0.101,0.398,4,pov: indie
Daddy Issues,spotify:track:5E30LdtzQTGqRvNd7l6kG5,https://open.spotify.com/track/5E30LdtzQTGqRvNd7l6kG5,['The Neighbourhood'],Wiped Out!,87,4.34,85.012,10,1,0.588,0.521,-9.461,0.0329,0.0678,0.149,0.123,0.337,4,pov: indie
Softcore,spotify:track:2K7xn816oNHJZ0aVqdQsha,https://open.spotify.com/track/2K7xn816oNHJZ0aVqdQsha,['The Neighbourhood'],Hard To Imagine The Neighbourhood Ever Changing,87,3.44,93.986,9,0,0.575,0.568,-5.509,0.03,0.0484,0.000417,0.286,0.37,4,pov: indie
Reflections,spotify:track:2xql0pid3EUwW38AsywxhV,https://open.spotify.com/track/2xql0pid3EUwW38AsywxhV,['The Neighbourhood'],Hard To Imagine The Neighbourhood Ever Changing,86,4.07,113.983,11,0,0.648,0.594,-7.027,0.0293,0.114,0.0462,0.116,0.544,4,pov: indie
You Get Me So High,spotify:track:7zwn1eykZtZ5LODrf7c0tS,https://open.spotify.com/track/7zwn1eykZtZ5LODrf7c0tS,['The Neighbourhood'],Hard To Imagine The Neighbourhood Ever Changing,85,2.55,88.036,7,0,0.551,0.881,-6.099,0.0542,0.186,0.0791,0.152,0.387,4,pov: indie
Northern Attitude (with Hozier),spotify:track:4oEf84vBYVftf6KmZexhVo,https://open.spotify.com/track/4oEf84vBYVftf6KmZexhVo,"['Noah Kahan', 'Hozier']",Northern Attitude (with Hozier),83,4.45,122.017,3,1,0.486,0.64,-8.027,0.0551,0.136,7.58e-05,0.105,0.289,4,pov: indie
Take Me to Church,spotify:track:1CS7Sd1u5tWkstBhpssyjP,https://open.spotify.com/track/1CS7Sd1u5tWkstBhpssyjP,['Hozier'],Hozier (Expanded Edition),80,4.03,128.945,4,0,0.566,0.664,-5.303,0.0464,0.634,0.0,0.116,0.437,4,pov: indie
Work Song,spotify:track:5TgEJ62DOzBpGxZ7WRsrqb,https://open.spotify.com/track/5TgEJ62DOzBpGxZ7WRsrqb,['Hozier'],Hozier (Expanded Edition),80,3.83,121.412,10,1,0.531,0.363,-7.672,0.0608,0.749,0.0,0.112,0.259,4,pov: indie
Would That I,spotify:track:37zuIvk4KBkAxxLJsxJaHq,https://open.spotify.com/track/37zuIvk4KBkAxxLJsxJaHq,['Hozier'],"Wasteland, Baby!",77,4.47,130.694,5,1,0.521,0.526,-6.032,0.0281,0.243,0.00537,0.108,0.502,4,pov: indie
Like Real People Do,spotify:track:57V4uc2b2diZ4RPHXWecb9,https://open.spotify.com/track/57V4uc2b2diZ4RPHXWecb9,['Hozier'],Hozier (Expanded Edition),76,3.3,140.01,7,1,0.539,0.179,-14.33,0.0309,0.921,0.393,0.106,0.145,3,pov: indie
Lovers Rock,spotify:track:6dBUzqjtbnIa1TwYbyw5CM,https://open.spotify.com/track/6dBUzqjtbnIa1TwYbyw5CM,['TV Girl'],French Exit,89,3.57,104.97,5,0,0.559,0.871,-5.338,0.0397,7.53e-06,0.00545,0.096,0.572,4,pov: indie
Not Allowed,spotify:track:3IznIgmXtrUaoPWpQTy5jB,https://open.spotify.com/track/3IznIgmXtrUaoPWpQTy5jB,['TV Girl'],Who Really Cares,87,2.8,104.965,1,1,0.67,0.905,-6.855,0.129,0.669,0.000227,0.349,0.563,4,pov: indie
Cigarettes out the Window,spotify:track:6QeYSvYqYUsfBzsApbjDHO,https://open.spotify.com/track/6QeYSvYqYUsfBzsApbjDHO,['TV Girl'],Who Really Cares,86,3.32,113.551,0,1,0.625,0.659,-5.669,0.0337,0.12,0.0,0.17,0.594,4,pov: indie
Blue Hair,spotify:track:39sDitIeCMrVX2QyXHY46t,https://open.spotify.com/track/39sDitIeCMrVX2QyXHY46t,['TV Girl'],Death of a Party Girl,86,3.62,135.73,4,1,0.751,0.72,-6.376,0.0303,0.554,0.0497,0.258,0.884,4,pov: indie
The Blonde,spotify:track:72cGBEqu7RitIOoACXYjfR,https://open.spotify.com/track/72cGBEqu7RitIOoACXYjfR,['TV Girl'],French Exit,79,3.8,87.692,1,0,0.501,0.547,-7.961,0.0243,0.225,0.912,0.288,0.225,4,pov: indie
Gimme! Gimme! Gimme! (A Man After Midnight),spotify:track:3vkQ5DAB1qQMYO4Mr9zJN6,https://open.spotify.com/track/3vkQ5DAB1qQMYO4Mr9zJN6,['ABBA'],Voulez-Vous,82,4.88,119.528,10,1,0.749,0.491,-9.655,0.0403,0.02,0.00899,0.159,0.536,4,swedish pop
Mamma Mia,spotify:track:2TxCwUlqaOH3TIyJqGgR91,https://open.spotify.com/track/2TxCwUlqaOH3TIyJqGgR91,['ABBA'],Abba,79,3.55,137.547,2,1,0.749,0.748,-7.011,0.0323,0.295,0.000443,0.469,0.827,4,swedish pop
Lay All Your Love On Me,spotify:track:4euAGZTszWPrriggYK0HG9,https://open.spotify.com/track/4euAGZTszWPrriggYK0HG9,['ABBA'],Super Trouper,78,4.57,133.481,2,0,0.678,0.727,-7.844,0.0258,0.117,0.00396,0.354,0.71,4,swedish pop
Take A Chance On Me,spotify:track:5BckPAYcKEJuYs1eV1BHHe,https://open.spotify.com/track/5BckPAYcKEJuYs1eV1BHHe,['ABBA'],The Album,77,4.07,107.064,11,1,0.684,0.675,-8.123,0.0257,0.163,0.0,0.242,0.924,4,swedish pop
The Winner Takes It All,spotify:track:3oEkrIfXfSh9zGnE7eBzSV,https://open.spotify.com/track/3oEkrIfXfSh9zGnE7eBzSV,['ABBA'],Super Trouper,76,4.91,126.15,6,1,0.454,0.788,-6.748,0.0371,0.574,0.000766,0.0859,0.52,4,swedish pop
Lush Life,spotify:track:1rIKgCH4H52lrvDcz50hS8,https://open.spotify.com/track/1rIKgCH4H52lrvDcz50hS8,['Zara Larsson'],So Good,81,3.35,98.023,7,0,0.694,0.712,-3.923,0.046,0.132,0.0,0.211,0.799,4,swedish pop
Words (feat. Zara Larsson),spotify:track:1bgKMxPQU7JIZEhNsM1vFs,https://open.spotify.com/track/1bgKMxPQU7JIZEhNsM1vFs,"['Alesso', 'Zara Larsson']",Words (feat. Zara Larsson),81,2.38,124.026,10,0,0.739,0.586,-5.079,0.0472,0.0245,0.000252,0.308,0.444,4,swedish pop
Can't Tame Her,spotify:track:4vOoQh9MhS9pyrbvc8LyMz,https://open.spotify.com/track/4vOoQh9MhS9pyrbvc8LyMz,['Zara Larsson'],Can't Tame Her,78,3.28,181.882,6,0,0.584,0.915,-3.199,0.11,0.00686,0.000155,0.098,0.57,4,swedish pop
Never Forget You,spotify:track:6hmhG1b4LEyNuashVvuIAo,https://open.spotify.com/track/6hmhG1b4LEyNuashVvuIAo,"['Zara Larsson', 'MNEK']",So Good,75,3.56,145.992,11,0,0.583,0.732,-5.728,0.0457,0.00312,9.86e-06,0.269,0.276,4,swedish pop
Ain't My Fault,spotify:track:0ADG9OgdVTL7fgREP75BrZ,https://open.spotify.com/track/0ADG9OgdVTL7fgREP75BrZ,['Zara Larsson'],So Good,70,3.73,141.153,6,0,0.576,0.782,-4.825,0.0296,0.00778,0.0,0.285,0.355,4,swedish pop
Habits (Stay High),spotify:track:14OxJlLdcHNpgsm4DRwDOB,https://open.spotify.com/track/14OxJlLdcHNpgsm4DRwDOB,['Tove Lo'],Queen Of The Clouds,77,3.49,110.02,5,1,0.729,0.65,-3.539,0.0313,0.0702,6.69e-05,0.0829,0.347,4,swedish pop
Don't Say Goodbye (feat. Tove Lo),spotify:track:0GTPmh5G40joBg93vcSQNq,https://open.spotify.com/track/0GTPmh5G40joBg93vcSQNq,"['Alok', 'Ilkay Sencan', 'Tove Lo']",Don't Say Goodbye (feat. Tove Lo),71,3.11,120.062,0,0,0.698,0.719,-4.923,0.0455,0.00829,4.01e-06,0.326,0.364,4,swedish pop
Talking Body,spotify:track:2tpfxAXiI52znho4WE3XFA,https://open.spotify.com/track/2tpfxAXiI52znho4WE3XFA,['Tove Lo'],Queen Of The Clouds,69,3.97,119.999,4,0,0.736,0.761,-5.449,0.0338,0.0966,0.0,0.0823,0.114,4,swedish pop
Pressure (feat. Tove Lo),spotify:track:4ga4WvRNhMsIL38pkBbnIN,https://open.spotify.com/track/4ga4WvRNhMsIL38pkBbnIN,"['Martin Garrix', 'Tove Lo']",Pressure (feat. Tove Lo),66,2.41,114.978,7,0,0.859,0.558,-8.991,0.0902,0.659,0.324,0.124,0.357,4,swedish pop
Habits (Stay High) - Hippie Sabotage Remix,spotify:track:62N2JSA0jHmSH7Va9t7hIf,https://open.spotify.com/track/62N2JSA0jHmSH7Va9t7hIf,"['Tove Lo', 'Hippie Sabotage']",Queen Of The Clouds,65,4.32,121.011,4,0,0.735,0.686,-7.562,0.0366,0.00108,0.874,0.0933,0.0656,4,swedish pop
"It Must Have Been Love - From the Film ""Pretty Woman""",spotify:track:6kvoHl80mfCVTv7XnZkjQn,https://open.spotify.com/track/6kvoHl80mfCVTv7XnZkjQn,['Roxette'],It Must Have Been Love,79,4.31,80.609,5,1,0.52,0.652,-6.655,0.0274,0.34,5.49e-05,0.256,0.722,4,swedish pop
How Do You Do!,spotify:track:4Hn14NabX651eOOzsLL8Uc,https://open.spotify.com/track/4Hn14NabX651eOOzsLL8Uc,['Roxette'],Tourism (Extended Version),66,3.15,120.874,0,1,0.619,0.72,-6.584,0.0275,0.0194,1.68e-06,0.218,0.852,4,swedish pop
Listen To Your Heart (Alle Farben Remix),spotify:track:58XoPq7Ae5SL2TRMF63uD8,https://open.spotify.com/track/58XoPq7Ae5SL2TRMF63uD8,"['Roxette', 'Alle Farben']",Listen To Your Heart (Alle Farben Remix),60,2.44,123.95,11,0,0.686,0.881,-4.945,0.0611,0.204,0.00217,0.0691,0.236,4,swedish pop
The Look,spotify:track:79LdvxXi5JYUjhnO7v9Fi3,https://open.spotify.com/track/79LdvxXi5JYUjhnO7v9Fi3,['Roxette'],Look Sharp!,59,3.96,95.011,2,1,0.634,0.838,-5.363,0.0413,0.0531,8.34e-06,0.0522,0.541,4,swedish pop
Listen To Your Heart,spotify:track:1qIKynV6YQZgocodkPdCy7,https://open.spotify.com/track/1qIKynV6YQZgocodkPdCy7,['Roxette'],Look Sharp!,58,5.47,86.063,1,0,0.539,0.583,-4.935,0.0275,0.108,0.0,0.111,0.337,4,swedish pop
sex money feelings die,spotify:track:0g4fzRkbLeCDUCoe5iUOcf,https://open.spotify.com/track/0g4fzRkbLeCDUCoe5iUOcf,['Lykke Li'],so sad so sexy,73,2.33,134.055,8,0,0.789,0.534,-6.347,0.0709,0.323,3.42e-06,0.0645,0.631,4,swedish pop
sex money feelings die - slowed version,spotify:track:0dkvbYmXYEPK7gGMdytmfI,https://open.spotify.com/track/0dkvbYmXYEPK7gGMdytmfI,['Lykke Li'],sex money feelings die (slowed version),72,2.81,111.014,5,0,0.797,0.44,-6.587,0.0594,0.471,1.57e-06,0.0849,0.436,4,swedish pop
Little Bit,spotify:track:0Ps4Eh6SQjeLnubbCsQTDD,https://open.spotify.com/track/0Ps4Eh6SQjeLnubbCsQTDD,['Lykke Li'],Youth Novels,67,4.56,120.318,7,1,0.819,0.736,-6.504,0.0416,0.158,0.00161,0.109,0.701,4,swedish pop
I Follow Rivers - The Magician Remix,spotify:track:3zNNXjjjeLrzIXSJZKalDi,https://open.spotify.com/track/3zNNXjjjeLrzIXSJZKalDi,"['Lykke Li', 'The Magician']",Wounded Rhymes (Anniversary Edition),66,4.66,122.031,9,0,0.785,0.7,-5.81,0.0406,0.0179,0.00251,0.0823,0.296,4,swedish pop
Possibility,spotify:track:1sFbPuShR6R8v6vSMkx02x,https://open.spotify.com/track/1sFbPuShR6R8v6vSMkx02x,['Lykke Li'],Possibility,65,5.11,56.993,0,1,0.378,0.311,-10.012,0.0285,0.77,0.00183,0.0809,0.0767,4,swedish pop
Strangers,spotify:track:5mjYQaktjmjcMKcUIcqz4s,https://open.spotify.com/track/5mjYQaktjmjcMKcUIcqz4s,['Kenya Grace'],Strangers,97,2.88,169.982,11,0,0.628,0.523,-8.307,0.0946,0.701,0.00274,0.219,0.416,4,singer-songwriter pop
Only In My Mind,spotify:track:4PrGyX4YgCT6V3YqY7XEUw,https://open.spotify.com/track/4PrGyX4YgCT6V3YqY7XEUw,['Kenya Grace'],Only In My Mind,75,2.69,143.007,8,1,0.701,0.76,-9.588,0.107,0.701,0.138,0.111,0.423,4,singer-songwriter pop
Meteor,spotify:track:3q53rFJ6wnhLhm6W8VlA8P,https://open.spotify.com/track/3q53rFJ6wnhLhm6W8VlA8P,['Kenya Grace'],Meteor,69,2.85,166.814,8,0,0.571,0.619,-6.275,0.0906,0.315,0.000759,0.121,0.349,4,singer-songwriter pop
Afterparty Lover,spotify:track:2ccYam7ZiLclqflsnqcWke,https://open.spotify.com/track/2ccYam7ZiLclqflsnqcWke,['Kenya Grace'],Afterparty Lover (Sped Up Edit),62,2.35,145.047,9,0,0.775,0.718,-5.984,0.122,0.557,0.0,0.291,0.864,4,singer-songwriter pop
Strangers - sad acoustic version,spotify:track:2BRgLIB3KV9EYdUkOgDgWs,https://open.spotify.com/track/2BRgLIB3KV9EYdUkOgDgWs,['Kenya Grace'],Strangers (sad acoustic version),59,3.08,171.874,11,0,0.348,0.208,-12.274,0.0477,0.918,0.0,0.136,0.443,4,singer-songwriter pop
golden hour,spotify:track:5odlY52u43F5BjByhxg7wg,https://open.spotify.com/track/5odlY52u43F5BjByhxg7wg,['JVKE'],this is what ____ feels like (Vol. 1-4),85,3.49,94.467,4,1,0.515,0.593,-4.801,0.0322,0.653,0.162,0.25,0.153,3,singer-songwriter pop
this is what falling in love feels like,spotify:track:2PWTZV5znjLtZC5T1EVJvL,https://open.spotify.com/track/2PWTZV5znjLtZC5T1EVJvL,['JVKE'],this is what ____ feels like (Vol. 1-4),81,2.01,128.934,11,1,0.422,0.44,-5.53,0.0544,0.617,0.0,0.0837,0.332,5,singer-songwriter pop
this is what autumn feels like,spotify:track:2YOGCTiPJWMhZRdeadFj8G,https://open.spotify.com/track/2YOGCTiPJWMhZRdeadFj8G,['JVKE'],this is what autumn feels like,78,3.67,79.445,3,1,0.238,0.441,-7.42,0.0364,0.912,0.433,0.167,0.164,4,singer-songwriter pop
"Angel Pt. 1 (feat. Jimin of BTS, JVKE & Muni Long)",spotify:track:1vvcEHQdaUTvWt0EIUYcFK,https://open.spotify.com/track/1vvcEHQdaUTvWt0EIUYcFK,"['Kodak Black', 'NLE Choppa', 'Jimin', 'JVKE', 'Muni Long', 'Fast & Furious: The Fast Saga']","Angel Pt. 1 (feat. Jimin of BTS, JVKE & Muni Long) [Trailer Version]",76,2.93,84.924,10,0,0.715,0.681,-4.25,0.113,0.129,0.0,0.152,0.277,4,singer-songwriter pop
this is what heartbreak feels like,spotify:track:4RxdAzEmkPXTiIU6ULLoXh,https://open.spotify.com/track/4RxdAzEmkPXTiIU6ULLoXh,['JVKE'],this is what ____ feels like (Vol. 1-4),72,2.63,109.991,1,1,0.707,0.474,-4.603,0.0672,0.578,0.0,0.11,0.538,4,singer-songwriter pop
Wild Ones (feat. Jelly Roll),spotify:track:2kE2HFBFkJ0VMw3igxYohz,https://open.spotify.com/track/2kE2HFBFkJ0VMw3igxYohz,"['Jessie Murph', 'Jelly Roll']",Wild Ones (feat. Jelly Roll),82,2.38,136.03,0,1,0.65,0.689,-3.543,0.0449,0.0878,0.0,0.172,0.294,4,singer-songwriter pop
Pray,spotify:track:7MOCaEUbfGyq1K96umNVwJ,https://open.spotify.com/track/7MOCaEUbfGyq1K96umNVwJ,['Jessie Murph'],drowning,75,2.44,96.571,8,1,0.588,0.39,-7.753,0.0578,0.726,1.26e-05,0.0965,0.206,4,singer-songwriter pop
Always Been You,spotify:track:53UMRr4KOgZP5Ins0aGlhs,https://open.spotify.com/track/53UMRr4KOgZP5Ins0aGlhs,['Jessie Murph'],drowning,75,2.2,137.12,3,0,0.655,0.572,-7.666,0.0535,0.646,1.81e-06,0.0774,0.403,4,singer-songwriter pop
How Could You,spotify:track:7wB9sL81rFRGhRt6msZ9CV,https://open.spotify.com/track/7wB9sL81rFRGhRt6msZ9CV,['Jessie Murph'],drowning,73,3.13,146.749,11,1,0.573,0.17,-10.576,0.0555,0.834,3.08e-06,0.108,0.28,3,singer-songwriter pop
Heartbroken (feat. Jessie Murph & Polo G),spotify:track:60eA3QITW5G2D7Woc11uKc,https://open.spotify.com/track/60eA3QITW5G2D7Woc11uKc,"['Diplo', 'Jessie Murph', 'Polo G']",Diplo Presents Thomas Wesley: Chapter 2 - Swamp Savant,72,3.41,146.978,2,1,0.67,0.589,-5.693,0.0873,0.379,0.0,0.0942,0.628,4,singer-songwriter pop
ceilings,spotify:track:2L9N0zZnd37dwF0clgxMGI,https://open.spotify.com/track/2L9N0zZnd37dwF0clgxMGI,['Lizzy McAlpine'],five seconds flat,86,3.05,148.005,9,1,0.516,0.322,-11.762,0.0292,0.473,0.00194,0.215,0.261,3,singer-songwriter pop
Call Your Mom (with Lizzy McAlpine),spotify:track:3fKpSA5w8iqLe9sNdIDESW,https://open.spotify.com/track/3fKpSA5w8iqLe9sNdIDESW,"['Noah Kahan', 'Lizzy McAlpine']",Call Your Mom (with Lizzy McAlpine),76,4.58,172.399,0,1,0.396,0.244,-11.391,0.0355,0.725,8.29e-05,0.111,0.178,4,singer-songwriter pop
hate to be lame,spotify:track:26MJjeJ0NSOQDKeZzrEFMl,https://open.spotify.com/track/26MJjeJ0NSOQDKeZzrEFMl,"['Lizzy McAlpine', 'FINNEAS']",five seconds flat,70,2.61,137.366,10,0,0.522,0.251,-12.626,0.0603,0.871,0.000258,0.0769,0.303,3,singer-songwriter pop
doomsday,spotify:track:4WjxtORnwPavm5PDsAWJEc,https://open.spotify.com/track/4WjxtORnwPavm5PDsAWJEc,['Lizzy McAlpine'],five seconds flat,69,4.47,134.587,1,1,0.404,0.268,-9.631,0.0341,0.583,0.0,0.102,0.124,3,singer-songwriter pop
reckless driving,spotify:track:5GpEHUNI0T7L7H3DnAaBXh,https://open.spotify.com/track/5GpEHUNI0T7L7H3DnAaBXh,"['Lizzy McAlpine', 'Ben Kessler']",five seconds flat,68,3.15,199.956,0,1,0.532,0.39,-10.495,0.234,0.684,0.0,0.184,0.431,4,singer-songwriter pop
Spinnin,spotify:track:4r0kug4vaNx3d8qyDLhQes,https://open.spotify.com/track/4r0kug4vaNx3d8qyDLhQes,"['Connor Price', 'Bens']",Spin The Globe,73,1.85,140.013,11,0,0.765,0.572,-6.153,0.128,0.226,0.0,0.192,0.475,4,singer-songwriter pop
SPLAT,spotify:track:71rw9MB77BR8LHMFZK8gKV,https://open.spotify.com/track/71rw9MB77BR8LHMFZK8gKV,['Connor Price'],SPLAT,70,2.09,108.056,7,1,0.908,0.45,-7.174,0.314,0.0608,0.0,0.0663,0.515,4,singer-songwriter pop
Violet,spotify:track:7IezwtVIJIPC36LpKMR9d7,https://open.spotify.com/track/7IezwtVIJIPC36LpKMR9d7,"['Connor Price', 'Killa']",Spin The Globe,69,2.05,119.973,8,0,0.924,0.716,-7.158,0.0541,0.0177,1.15e-06,0.128,0.48,4,singer-songwriter pop
HOV - Remix,spotify:track:35kDv86L9VuUoj29YTHmE6,https://open.spotify.com/track/35kDv86L9VuUoj29YTHmE6,"['Connor Price', 'Nic D', 'GRAHAM']",HOV (Remix),68,2.77,119.959,8,1,0.894,0.574,-7.369,0.0971,0.0878,6.8e-05,0.255,0.529,4,singer-songwriter pop
Buddy,spotify:track:5GZp8q9eZ9qn0TSwAayT1o,https://open.spotify.com/track/5GZp8q9eZ9qn0TSwAayT1o,"['Connor Price', 'Hoodie Allen']",Buddy,67,1.97,140.015,6,0,0.914,0.506,-5.373,0.223,0.204,0.0,0.103,0.428,4,singer-songwriter pop
